Entity,Year,Solar energy index,Wind energy index
Argentina,2008,,273.62912758116136
Argentina,2009,,154.18606303326203
Argentina,2012,,179.92558878591055
Argentina,2013,,181.66606068211175
Argentina,2014,,158.43655386579508
Argentina,2015,,151.53721405742579
Argentina,2017,,159.65488942788525
Argentina,2018,,110.12155835795785
Argentina,2019,,100.0
Argentina,2020,,111.78455745952529
Argentina,2021,,108.36943690100445
Argentina,2022,,79.34853544426345
Argentina,2023,,131.77519772769998
Australia,2003,,231.1285846898573
Australia,2004,,463.89847100168555
Australia,2005,,217.50059323688947
Australia,2006,,207.39967278302095
Australia,2007,,182.33682614561587
Australia,2008,,242.57636011507304
Australia,2009,,183.79062622716035
Australia,2010,611.3575583751158,311.1115507505179
Australia,2011,620.7589897136814,266.72237806702367
Australia,2012,375.3714815689158,259.7901107438157
Australia,2013,215.03728942200317,209.8580000329361
Australia,2014,176.90840683360352,203.74773191196684
Australia,2015,152.05117594559863,172.17687489106493
Australia,2016,116.68911901073444,165.00866120332424
Australia,2017,127.75724376825109,132.91273178652224
Australia,2018,104.83046555369333,105.4450846109985
Australia,2019,100.0,100.0
Australia,2020,75.28023278924407,112.75514021666437
Australia,2021,59.26104056990455,75.17077209435777
Australia,2022,53.98150334005534,74.01494216451502
Australia,2023,49.45224240910455,93.37529851116606
Austria,2012,,
Austria,2013,,
Austria,2014,,
Austria,2015,,
Austria,2016,,
Austria,2017,,
Austria,2018,,
Austria,2022,,
Austria,2023,,
Brazil,2003,,402.19964041920593
Brazil,2005,,377.408526675053
Brazil,2006,,272.37459072258997
Brazil,2007,,287.49653582005436
Brazil,2008,,232.62892658562401
Brazil,2009,,334.4193275435809
Brazil,2010,,324.95389225283594
Brazil,2011,,262.28145036269257
Brazil,2012,,258.420017343669
Brazil,2013,,223.67979505933127
Brazil,2014,,194.6124249454785
Brazil,2015,,162.96757484200847
Brazil,2016,,157.90549988170827
Brazil,2017,,133.33653819673117
Brazil,2018,106.96883794137226,134.16736944161758
Brazil,2019,100.0,100.0
Brazil,2020,80.65273919447344,94.39848879351341
Brazil,2021,50.51470449366736,68.88907272956347
Brazil,2022,49.00402768312486,65.40367129345215
Brazil,2023,54.17068400739037,66.45661122749938
Canada,2003,,162.28695280911143
Canada,2004,,159.0782089323336
Canada,2005,,140.82685756693144
Canada,2006,,154.44421807963795
Canada,2007,,172.63522427011972
Canada,2008,,176.30529095784158
Canada,2009,,175.19393182021997
Canada,2010,,196.42610315476722
Canada,2011,,173.33733316697146
Canada,2012,,192.2473898729801
Canada,2013,,176.80723596224107
Canada,2014,,158.0693735565182
Canada,2015,,141.82953560339325
Canada,2016,,151.7380836800289
Canada,2017,,121.70507611706158
Canada,2018,153.93709028647373,96.06193796001335
Canada,2019,100.0,100.0
Canada,2020,83.12626519641532,63.46983131164651
Canada,2021,70.47821994258615,51.36062578063366
Canada,2022,59.74041802930884,53.69021207241421
Canada,2023,88.02664189027134,59.18226634278088
Chile,2009,,272.7848024940023
Chile,2011,,181.89116964090985
Chile,2012,211.73132775666147,127.72869385608168
Chile,2013,157.1150057562652,125.76890707788625
Chile,2014,154.5666097317728,123.97371290748842
Chile,2015,107.04102587617234,118.11862419336214
Chile,2016,98.34824667274773,99.94391060592454
Chile,2017,94.60182284459394,94.28451383632468
Chile,2018,125.42684794125498,70.03889822571747
Chile,2019,100.0,100.0
Chile,2020,67.6140587974237,54.05393408341565
Chile,2021,48.20601247218079,54.343792577007456
Chile,2022,44.04186229507123,70.36195748393139
Chile,2023,41.88385036003269,63.05797529090279
China,2003,,265.5181149423862
China,2004,,280.41505491678004
China,2005,,274.5270436079224
China,2006,,260.4829452630208
China,2007,,228.09519528549595
China,2008,,241.37997823788902
China,2009,,244.64017806490813
China,2010,671.3011516216663,222.81227234258893
China,2011,586.5822839787335,210.22794416251523
China,2012,430.1464833926071,206.56735621351666
China,2013,337.2061249071364,193.06928225333948
China,2014,251.70152940493247,182.19737800662784
China,2015,187.04024057294032,169.01976880082086
China,2016,162.02690914392278,156.14345633162728
China,2017,141.61997743709856,122.8551468012487
China,2018,108.14704982643701,128.75586569491503
China,2019,100.0,100.0
China,2020,84.98142175681707,92.03346777068562
China,2021,72.66720641162152,74.20362019846301
China,2022,74.957102013397,68.64095430886698
China,2023,70.43748724135759,64.41178130008463
Costa Rica,2003,,
Costa Rica,2009,,
Costa Rica,2011,,
Costa Rica,2012,,
Costa Rica,2014,,
Costa Rica,2015,,
Costa Rica,2016,,
Costa Rica,2017,,
Croatia,2008,,
Croatia,2009,,
Croatia,2011,,
Croatia,2012,,
Croatia,2014,,
Croatia,2015,,
Croatia,2016,,
Croatia,2017,,
Croatia,2020,,
Croatia,2021,,
Croatia,2023,,
Cyprus,2010,,
Cyprus,2011,,
Cyprus,2012,,
Cyprus,2013,,
Cyprus,2016,,
Denmark,2003,,211.5353157420397
Denmark,2004,,188.27610149803857
Denmark,2005,,221.24004613284666
Denmark,2006,,274.7027841226601
Denmark,2008,,265.81820927240517
Denmark,2010,,268.17881490732066
Denmark,2011,,261.92146483133683
Denmark,2012,,203.126199657201
Denmark,2013,,198.64407922951298
Denmark,2015,,140.5404540137165
Denmark,2016,,123.35026700076055
Denmark,2017,,101.8362849155039
Denmark,2018,,97.15375559616555
Denmark,2019,,100.0
Denmark,2020,,88.45368119034461
Dominican Republic,2007,,186.91372713954004
Dominican Republic,2009,,132.57949178268282
Dominican Republic,2011,,140.8104601149454
Dominican Republic,2012,,214.01116655836043
Dominican Republic,2013,,147.05108443045722
Dominican Republic,2014,,277.2480848361798
Dominican Republic,2016,,156.60750512209597
Dominican Republic,2017,,99.83103273536912
Dominican Republic,2018,,133.1993443279477
Dominican Republic,2019,,100.0
Dominican Republic,2020,,111.12753211097208
Egypt,2007,,
Egypt,2010,,
Egypt,2015,,
Egypt,2018,,
Egypt,2020,,
Egypt,2021,,
Egypt,2022,,
Egypt,2023,,
Ethiopia,2011,,171.86653345989487
Ethiopia,2012,,161.09452470328645
Ethiopia,2015,,144.10603077801363
Ethiopia,2016,,147.22705637953962
Ethiopia,2019,,100.0
Ethiopia,2022,,75.88108652625584
Finland,2013,,231.18854198176217
Finland,2014,,300.40769358048647
Finland,2015,,280.8370104447657
Finland,2016,,233.52846915627015
Finland,2017,,201.72595630849605
Finland,2018,,177.45276241021725
Finland,2019,,100.0
Finland,2020,,115.47866336570654
Finland,2021,,132.1318788094121
Finland,2022,,144.15047487409493
Finland,2023,,144.12960917365055
France,2003,,216.32187350741214
France,2004,,243.72911484608233
France,2005,,240.49258613035258
France,2006,,242.4628774835112
France,2007,,227.83354438175513
France,2008,,306.85438013350546
France,2009,,252.97064314975813
France,2010,648.715850309243,258.0007142268494
France,2011,658.754879798487,227.22616799572526
France,2012,668.9044305500227,202.04479779670766
France,2013,396.17905215707776,183.0376262856748
France,2014,263.2816242532177,167.31370066096997
France,2015,184.2192989819645,156.40949478640982
France,2016,144.72570942281263,143.28481612203177
France,2017,129.46702708186194,157.2172977590468
France,2018,109.09333262539609,122.23841884708189
France,2019,100.0,100.0
France,2020,88.49961305693328,87.93856940184831
France,2021,78.07925555060855,85.93257202304312
France,2022,93.67830837805153,90.82565864387284
France,2023,84.50987112675033,85.71538503118761
Germany,2003,,257.7517060661987
Germany,2004,,257.9736392266947
Germany,2005,,266.9709781360544
Germany,2006,,274.5757952540671
Germany,2007,,252.39666483492712
Germany,2008,,303.3552528164601
Germany,2009,,280.4137989520965
Germany,2010,509.3537634077123,262.6299353637231
Germany,2011,430.0342333975146,250.86790616753692
Germany,2012,346.03527932587974,223.22442978005847
Germany,2013,273.1858528485888,208.353468904901
Germany,2014,200.91172381792347,185.57729134124023
Germany,2015,159.62763181602077,166.56268725182107
Germany,2016,139.65974658221782,149.99672342774858
Germany,2017,127.10387766027938,145.04820844310564
Germany,2018,121.66048619948124,121.60674537007492
Germany,2019,100.0,100.0
Germany,2020,85.49341818011659,85.29642271122862
Germany,2021,78.25009404880761,93.42181648882517
Germany,2022,99.87251366332971,95.8475044726282
Germany,2023,76.90187076987623,91.24150736029488
Greece,2010,,212.2496219406935
Greece,2011,,140.78581147747596
Greece,2012,,169.27305525534965
Greece,2014,,151.12512765801392
Greece,2015,,144.17250227436077
Greece,2016,,119.48182462995082
Greece,2017,,115.89683445298749
Greece,2018,,120.05475050802276
Greece,2019,,100.0
Greece,2020,,101.64075665905521
Greece,2021,,82.4830757964409
Greece,2022,,71.69930312986067
Greece,2023,,66.40284129601461
India,2003,,359.4486575275341
India,2004,,263.2089393809999
India,2005,,276.99328055752466
India,2006,,310.3799766014905
India,2007,,249.41241376766718
India,2008,,264.6284482230591
India,2009,,203.47339873997555
India,2010,886.9783235700924,217.88670932609966
India,2011,562.9300985438539,198.65042543443008
India,2012,478.79708771223653,238.6034791287184
India,2013,477.7678036414787,222.1077055915149
India,2014,311.0473489588185,219.60410020568645
India,2015,203.3277936348794,184.00872800846372
India,2016,191.50818763298918,159.42363003571248
India,2017,174.70310371171954,128.14841566097496
India,2018,126.57368119901795,100.54181665781556
India,2019,100.0,100.0
India,2020,94.7590538836501,90.61768947512739
India,2021,85.6455096342917,70.66482458472476
India,2022,87.19606760794669,83.98627571382687
India,2023,109.53290389674177,101.97173386292091
Indonesia,2017,,123.58582906557076
Indonesia,2018,,65.13845711689166
Indonesia,2019,,100.0
Indonesia,2020,,77.3960985242411
Ireland,2003,,156.1733351306433
Ireland,2009,,165.99037328925746
Ireland,2010,,252.74254671503732
Ireland,2011,,167.81777445484428
Ireland,2012,,149.3928168470638
Ireland,2013,,146.38473914057758
Ireland,2014,,183.76805114391726
Ireland,2015,,96.53056484905862
Ireland,2016,,82.95975475601387
Ireland,2017,,95.10731351015414
Ireland,2018,,85.44228257839785
Ireland,2019,,100.0
Ireland,2020,,125.91599456940712
Ireland,2022,,69.35656108254486
Ireland,2023,,57.40773177657034
Italy,2003,,257.10681524116916
Italy,2004,,222.3454097050538
Italy,2005,,251.79567034710192
Italy,2006,,247.39422718861724
Italy,2007,,245.77824542530945
Italy,2008,,262.97666005617094
Italy,2009,,282.365655346348
Italy,2010,731.3115526481508,261.71168010751114
Italy,2011,687.9224963976404,301.1917807835121
Italy,2012,349.05920094666675,272.1341148105447
Italy,2013,307.80951111365226,196.44228847717878
Italy,2014,253.287185645464,186.97185813983342
Italy,2015,,180.64181252290578
Italy,2016,,137.94096277592132
Italy,2017,123.92956259781809,167.93793700222764
Italy,2018,108.35916412939149,108.84162054987954
Italy,2019,100.0,100.0
Italy,2020,94.09111004163937,99.40831148022758
Italy,2021,85.64593153313547,77.33928664776747
Italy,2022,98.86665654757572,75.5926706718598
Italy,2023,96.8882215834524,89.2624781313679
Japan,2005,,137.90653091409354
Japan,2010,,141.63062715005194
Japan,2011,399.27428234449934,122.79685464897041
Japan,2012,284.92647562177564,154.6502659297594
Japan,2013,235.98816450919827,137.87584700768295
Japan,2014,208.79612026838106,128.68364576320724
Japan,2015,148.87693976271282,105.93811089236264
Japan,2016,149.6201096123155,147.9728880426845
Japan,2017,117.93891732064283,104.1391656661045
Japan,2018,108.9510373580875,117.02215734312382
Japan,2019,100.0,100.0
Japan,2020,93.11403722199998,88.77821913044015
Japan,2021,77.05372158141951,115.98541299890266
Japan,2022,80.6780589795085,118.22816827334974
Japan,2023,90.83749499981441,96.21533794324519
Mexico,2007,,112.2205966638746
Mexico,2008,,98.68185214869665
Mexico,2009,,139.33471003852006
Mexico,2010,,176.00322695052355
Mexico,2011,,42.65421444436541
Mexico,2012,393.1517245518866,117.91096185762223
Mexico,2013,253.35634236437807,134.43600070373938
Mexico,2014,180.55421753038067,134.23992616979007
Mexico,2015,111.88912898312586,122.19496044422972
Mexico,2016,210.06510055196662,125.3851387790779
Mexico,2017,190.18105856548698,
Mexico,2018,111.09771835445412,72.84653537316996
Mexico,2019,100.0,100.0
Mexico,2020,73.96291794529353,80.78860205066759
Mexico,2021,66.77574698068992,73.76418916132963
Mexico,2022,84.60389953056574,77.33915884090644
Mexico,2023,86.9228422155696,
Morocco,2005,,
Morocco,2007,,
Morocco,2011,,
Morocco,2012,,
Morocco,2013,,
Morocco,2014,,
Morocco,2016,,
Morocco,2017,,
Morocco,2018,,
Morocco,2020,,
Morocco,2021,,
Morocco,2022,,
Morocco,2023,,
Netherlands,2003,,209.50093492275
Netherlands,2004,,228.56112664804093
Netherlands,2005,,139.98195214394627
Netherlands,2006,,236.8810156619863
Netherlands,2007,,280.3845160420901
Netherlands,2008,,188.36224198438433
Netherlands,2010,,189.99479799273985
Netherlands,2012,,227.63936437318318
Netherlands,2013,,161.25925514123983
Netherlands,2014,,192.9336601610794
Netherlands,2015,,178.31808942570675
Netherlands,2016,124.12646550566215,150.41999827930036
Netherlands,2017,138.45754534525972,165.49715086851248
Netherlands,2018,104.96672737155033,90.6179771161798
Netherlands,2019,100.0,100.0
Netherlands,2020,96.77323721315452,74.37803993749425
Netherlands,2021,80.35234728488027,84.0715577167114
Netherlands,2022,87.6833287646827,86.6004868633307
Netherlands,2023,67.18190341298875,77.1454985188897
New Zealand,2011,,
New Zealand,2014,,
New Zealand,2015,,
New Zealand,2020,,
New Zealand,2021,,
New Zealand,2023,,
Norway,2005,,627.1639410914678
Norway,2006,,110.09696187844449
Norway,2012,,191.02761942695886
Norway,2013,,153.03387570702301
Norway,2015,,97.16198078281118
Norway,2016,,110.34319351555526
Norway,2017,,95.38541233515099
Norway,2018,,100.69015354886024
Norway,2019,,100.0
Norway,2020,,65.98436246293602
Norway,2021,,64.69625718925154
Pakistan,2009,,
Pakistan,2012,,
Pakistan,2014,,
Pakistan,2015,,
Pakistan,2016,,
Pakistan,2017,,
Pakistan,2018,,
Pakistan,2021,,
Pakistan,2022,,
Panama,2013,,
Panama,2014,,
Panama,2015,,
Panama,2016,,
Peru,2013,,
Peru,2014,,
Peru,2015,,
Peru,2016,,
Peru,2018,,
Peru,2023,,
Philippines,2005,,145.73928288136605
Philippines,2006,,212.6916189833202
Philippines,2013,,233.77902155023315
Philippines,2014,,197.39460695447542
Philippines,2015,,194.88990113259237
Philippines,2016,,195.4466675835205
Philippines,2017,,152.98053908228485
Philippines,2019,,100.0
Philippines,2023,,80.46508106516191
Poland,2006,,
Poland,2007,,
Poland,2008,,
Poland,2010,,
Poland,2011,,
Poland,2012,,
Poland,2013,,
Poland,2014,,
Poland,2015,,
Poland,2016,,
Poland,2017,,
Poland,2020,,
Poland,2021,,
Poland,2022,,
Poland,2023,,
Portugal,2003,,
Portugal,2004,,
Portugal,2005,,
Portugal,2006,,
Portugal,2007,,
Portugal,2008,,
Portugal,2009,,
Portugal,2010,,
Portugal,2011,,
Portugal,2012,,
Portugal,2013,,
Portugal,2014,,
Portugal,2015,,
Portugal,2016,,
Portugal,2017,,
Portugal,2018,91.89228635470064,
Portugal,2019,100.0,
Portugal,2020,86.02566947996515,
Portugal,2021,85.77328472640666,
Portugal,2022,98.53113205162597,
Portugal,2023,84.97248044538775,
Russia,2015,,181.24966217627536
Russia,2018,,103.18957090205969
Russia,2019,,100.0
Russia,2020,,100.92391911327773
Russia,2021,,86.16176491902034
Russia,2022,,71.23660107984236
Russia,2023,,180.22857771309754
Saudi Arabia,2018,135.19246735148604,
Saudi Arabia,2019,100.0,
Saudi Arabia,2021,83.33118991963214,
Saudi Arabia,2022,57.87129016888798,
Saudi Arabia,2023,68.05682801753713,
South Africa,2008,,187.04934224768357
South Africa,2012,,204.38164889043372
South Africa,2013,,232.1323993847949
South Africa,2014,,198.82143150502293
South Africa,2015,,160.1635043868363
South Africa,2016,,145.50901503659307
South Africa,2017,,116.27581613606375
South Africa,2018,129.58662839219073,
South Africa,2019,100.0,100.0
South Africa,2020,96.10043671824857,89.53595069295545
South Africa,2021,78.77697491221963,84.14961250253403
South Africa,2022,86.39870765098772,65.249288755108
South Africa,2023,100.70487286262224,80.45844189318399
South Korea,2004,,191.92131745506958
South Korea,2005,,159.0580366243059
South Korea,2006,,205.74768081837456
South Korea,2007,,164.7586099100131
South Korea,2008,,188.06514093003523
South Korea,2009,,156.54764595591917
South Korea,2010,589.9053080999064,199.0865748573989
South Korea,2011,616.5801775528585,187.5707135206542
South Korea,2012,247.2271673915583,199.83904206039992
South Korea,2013,292.3226593590883,
South Korea,2014,224.76030364112023,
South Korea,2015,206.30285140485037,190.58471684699344
South Korea,2016,197.49116598367624,125.1954796937002
South Korea,2017,132.61673634598407,119.39633785752926
South Korea,2018,109.01804189040702,96.62401778273345
South Korea,2019,100.0,100.0
South Korea,2020,75.91375361768016,
South Korea,2021,70.86973097917311,96.99331490809351
South Korea,2022,89.14620056699788,120.0577881212666
South Korea,2023,87.2346208848657,97.17883503215774
Spain,2003,,255.0751370897853
Spain,2004,,281.547515487631
Spain,2005,,265.0630597691656
Spain,2006,,273.7650905285139
Spain,2007,,318.2119080108535
Spain,2008,,313.39355000096873
Spain,2009,,300.81630305343145
Spain,2010,666.7591240821778,308.0464699261157
Spain,2011,463.29727370522227,289.75399899442925
Spain,2012,372.92698546428517,249.54908191782846
Spain,2013,284.5337346578476,238.89746997299474
Spain,2014,273.2617604163847,199.01533778943852
Spain,2015,158.6723417967714,161.34855926132553
Spain,2016,,148.71693216127244
Spain,2017,,146.3178214103098
Spain,2018,,201.52308820975128
Spain,2019,100.0,100.0
Spain,2020,91.6184559339676,80.12136287340877
Spain,2021,94.9293980095204,65.00888469730832
Spain,2022,87.00235506836594,80.7406485572081
Spain,2023,81.83038983779286,86.1358381418515
Sweden,2003,,320.7916267266009
Sweden,2004,,349.35813964843305
Sweden,2005,,361.42476146987025
Sweden,2006,,361.42476146987025
Sweden,2007,,327.37063782294007
Sweden,2008,,371.30497606578336
Sweden,2009,,356.7256758959573
Sweden,2010,,286.84051903116824
Sweden,2011,,272.23510884885985
Sweden,2012,,263.4984129278361
Sweden,2013,,209.49015033647677
Sweden,2014,,226.72211125736635
Sweden,2015,,184.3958806843172
Sweden,2016,,157.2845050669584
Sweden,2017,,141.1238360625047
Sweden,2018,,104.50921348916206
Sweden,2019,,100.0
Sweden,2020,,95.33546037229955
Sweden,2021,,89.6207521842861
Sweden,2022,,87.46789912213809
Sweden,2023,,100.83843332804614
Turkey,2009,,97.2379266599716
Turkey,2010,,185.54507564520517
Turkey,2011,,137.2324634470737
Turkey,2012,,121.2927387598934
Turkey,2013,,122.72699235710934
Turkey,2014,,133.9312382828636
Turkey,2015,,116.65405445963457
Turkey,2016,146.43470048332387,104.3855153831098
Turkey,2017,138.90617608292933,94.11711302041708
Turkey,2018,110.5175034032672,104.74670691892148
Turkey,2019,100.0,100.0
Turkey,2020,76.88886923511139,72.32984134520002
Turkey,2021,73.31140205064546,64.08672757018665
Turkey,2022,76.71884214365166,75.00125365515912
Turkey,2023,95.29709141413771,103.17431093691964
Ukraine,2013,,187.93721174917755
Ukraine,2014,,153.75559409765998
Ukraine,2017,,126.97533074123348
Ukraine,2019,,100.0
Ukraine,2020,,68.04604213317587
Ukraine,2021,,61.24599856820587
Ukraine,2023,,113.91268243574315
United Kingdom,2003,,238.30735964287692
United Kingdom,2004,,251.02673782242087
United Kingdom,2005,,236.60039823445067
United Kingdom,2006,,237.38038465254192
United Kingdom,2007,,225.21714205927546
United Kingdom,2008,,247.92116985577795
United Kingdom,2009,,136.07484779971531
United Kingdom,2010,621.8354911735695,182.81292351854376
United Kingdom,2011,572.9175097000132,187.70490083450971
United Kingdom,2012,335.80178593807995,167.21938761645737
United Kingdom,2013,271.0857809046337,166.3452626348989
United Kingdom,2014,221.2374649563944,157.00386300790234
United Kingdom,2015,171.70200214301605,143.22172862974733
United Kingdom,2016,162.33103370971702,123.67269319263889
United Kingdom,2017,132.67919130169378,117.37959774901452
United Kingdom,2018,134.80078033495184,81.92714814863736
United Kingdom,2019,100.0,100.0
United Kingdom,2020,84.48886304948661,80.80084512582437
United Kingdom,2021,77.65562292323816,74.56326771884243
United Kingdom,2022,81.48762303585643,58.65184947197588
United Kingdom,2023,82.86404923738291,51.71532946372673
United States,2003,,210.24845236315664
United States,2004,,232.64364843596908
United States,2005,,204.99122162070557
United States,2006,,231.5992887865289
United States,2007,,229.0752622646763
United States,2008,,261.48320449579046
United States,2009,,292.4140727744069
United States,2010,362.1367810561651,272.188857132143
United States,2011,430.89988867678574,287.4856022617894
United States,2012,372.22818210008984,243.69014773356906
United States,2013,370.34550353118425,200.45253546350023
United States,2014,252.89124309435408,165.15652320065243
United States,2015,233.56362935988037,149.96725949377446
United States,2016,211.79631941805548,137.78740223988652
United States,2017,153.62445333014065,120.7857193125543
United States,2018,119.07841928472047,111.30017248054351
United States,2019,100.0,100.0
United States,2020,97.43122240623234,89.11224121650213
United States,2021,88.68882075475206,77.16794339841734
United States,2022,87.76082092132789,71.18137076081138
United States,2023,93.09165462586253,93.91551038949987
Uruguay,2011,,
Uruguay,2012,,
Uruguay,2013,,
Uruguay,2014,,
Uruguay,2015,,
Uruguay,2017,,
Vietnam,2009,,117.73645009190636
Vietnam,2011,,135.1963416534678
Vietnam,2012,,137.47661585548713
Vietnam,2013,,138.83190776783655
Vietnam,2015,,114.01027935179278
Vietnam,2016,,94.07922524437701
Vietnam,2017,,88.56925472083859
Vietnam,2019,,100.0
Vietnam,2020,,73.92696324317235
Vietnam,2021,,62.23505522472076
Vietnam,2022,,60.128185928113155
Vietnam,2023,,61.624013249018006
World,2003,,258.5489962515766
World,2004,,262.8875455270248
World,2005,,246.15094808619546
World,2006,,253.24550167835733
World,2007,,230.62093439410006
World,2008,,242.79903393791562
World,2009,,238.03698084658885
World,2010,681.8377026116065,230.6013906285144
World,2011,508.2895634753356,219.84336026087803
World,2012,378.93189095865625,199.7884251944141
World,2013,291.6730698426419,201.42940351198132
World,2014,262.33932030287025,180.201865429506
World,2015,196.18923578687622,155.08711404318524
World,2016,171.8367213841769,143.5132252224171
World,2017,135.14227501285083,134.62837519321084
World,2018,114.62264542472325,114.10297918453534
World,2019,100.0,100.0
World,2020,89.06067038880914,83.09591373823584
World,2021,77.2716971321479,73.97116919535837
World,2022,74.84515282543104,70.1155134473296
World,2023,65.58424385902816,67.87885865659113
