Entity,Code,Year,Number of patents in solar photovoltaic technology,Number of patents in solar thermal technology,Number of patents in solar photovoltaic and thermal hybrid technology,Number of patents in wind energy,Number of patents in hydropower,Number of patents in marine and tidal energy,Number of patents in bioenergy,Number of patents in geothermal energy
Africa,,2000,7,8,1,3,5,1,8,
Africa,,2001,5,10,6,10,3,1,18,
Africa,,2002,3,17,8,22,6,3,9,
Africa,,2003,8,8,5,47,2,1,17,1
Africa,,2004,12,17,6,37,3,4,26,
Africa,,2005,10,28,14,33,5,11,45,1
Africa,,2006,13,19,16,20,7,14,22,
Africa,,2007,20,30,14,36,8,16,42,3
Africa,,2008,36,91,23,48,6,14,47,
Africa,,2009,55,88,11,67,17,29,59,1
Africa,,2010,71,126,37,82,23,23,140,2
Africa,,2011,105,251,28,69,30,41,159,3
Africa,,2012,143,231,21,87,9,16,147,3
Africa,,2013,97,257,30,89,11,23,112,2
Africa,,2014,91,203,21,113,23,18,90,3
Africa,,2015,101,203,10,123,12,16,70,1
Africa,,2016,74,73,14,57,7,10,125,1
Africa,,2017,64,73,18,57,11,14,47,3
Africa,,2018,89,75,22,53,8,7,47,3
Africa,,2019,62,36,10,43,11,13,22,1
Africa,,2020,12,19,4,13,1,5,14,1
Africa,,2021,4,,,,2,1,,1
Algeria,DZA,2001,1,1,2,,,,1,
Algeria,DZA,2002,1,1,,,,,,
Algeria,DZA,2000,,,,,1,,,
Argentina,ARG,2000,3,5,3,14,4,1,16,
Argentina,ARG,2001,1,4,1,7,,,9,
Argentina,ARG,2003,2,1,1,28,7,,4,
Argentina,ARG,2005,11,6,,28,3,3,15,1
Argentina,ARG,2006,17,12,4,14,5,5,23,
Argentina,ARG,2007,6,3,3,18,6,12,48,
Argentina,ARG,2008,9,15,7,12,9,7,65,1
Argentina,ARG,2009,3,8,8,33,5,7,56,
Argentina,ARG,2010,7,8,8,30,5,7,53,
Argentina,ARG,2011,9,13,5,35,6,4,57,1
Argentina,ARG,2012,4,8,9,61,6,3,64,1
Argentina,ARG,2013,6,6,1,77,5,2,50,4
Argentina,ARG,2014,3,5,2,56,9,5,29,
Argentina,ARG,2015,1,4,4,45,5,1,35,
Argentina,ARG,2016,8,6,1,35,4,4,49,4
Argentina,ARG,2017,6,1,4,39,2,2,15,2
Argentina,ARG,2018,7,9,1,9,1,1,14,5
Argentina,ARG,2019,13,9,6,11,3,1,29,4
Argentina,ARG,2020,1,,,1,1,,4,
Argentina,ARG,2002,,3,,47,8,1,4,
Argentina,ARG,2004,,,2,32,3,,4,
Asia,,2000,2077,958,249,512,318,88,1157,58
Asia,,2001,1991,973,261,705,359,94,1150,87
Asia,,2002,1955,1201,232,846,363,88,1297,131
Asia,,2003,2097,1102,286,985,378,88,1391,138
Asia,,2004,2568,1364,259,1131,466,193,1464,130
Asia,,2005,2878,1410,361,1407,548,212,1585,144
Asia,,2006,3666,2258,514,1684,595,270,2357,186
Asia,,2007,5332,2628,565,2162,758,374,2757,233
Asia,,2008,8037,3899,824,3312,1039,526,3369,263
Asia,,2009,12612,5183,1148,5133,1367,753,3545,456
Asia,,2010,16600,6144,1493,5637,1337,798,4143,378
Asia,,2011,18892,6293,1587,6482,1781,898,4445,434
Asia,,2012,19068,6923,1697,6523,1754,988,4744,480
Asia,,2013,17109,6304,1591,5221,1583,933,4584,459
Asia,,2014,18146,5302,2058,5513,1752,1043,5322,502
Asia,,2015,19813,5758,2427,5786,1979,958,5921,530
Asia,,2016,24161,6577,3088,7284,2053,1081,6686,829
Asia,,2017,28145,6715,2358,9535,2359,1064,5986,939
Asia,,2018,30744,6747,1420,10044,2288,1069,5120,831
Asia,,2019,26298,7982,1362,9671,2459,1006,4812,1102
Asia,,2020,28202,10013,1362,11300,2628,1104,3786,1085
Asia,,2021,8065,2258,374,4012,909,396,1084,208
Australia,AUS,2000,145,87,44,154,41,27,139,7
Australia,AUS,2001,196,143,57,191,19,26,159,13
Australia,AUS,2002,159,113,39,171,21,18,123,4
Australia,AUS,2003,318,140,78,264,50,42,205,9
Australia,AUS,2004,118,92,30,132,23,31,84,1
Australia,AUS,2005,106,66,36,116,21,30,91,2
Australia,AUS,2006,136,106,33,111,23,38,130,4
Australia,AUS,2007,206,143,44,172,38,63,210,9
Australia,AUS,2008,221,194,56,224,58,62,230,9
Australia,AUS,2009,317,258,69,271,52,80,287,16
Australia,AUS,2010,384,358,80,352,64,77,348,13
Australia,AUS,2011,342,306,58,238,56,61,338,14
Australia,AUS,2012,284,236,56,222,59,73,267,19
Australia,AUS,2013,277,195,70,244,73,67,281,18
Australia,AUS,2014,219,137,60,218,33,49,221,4
Australia,AUS,2015,306,156,63,150,29,43,194,8
Australia,AUS,2016,286,151,62,100,41,42,154,10
Australia,AUS,2017,283,114,62,183,34,58,193,7
Australia,AUS,2018,358,139,61,224,23,38,138,10
Australia,AUS,2019,356,115,46,156,30,30,153,11
Australia,AUS,2020,207,66,38,71,15,22,84,2
Australia,AUS,2021,144,47,32,49,8,17,37,6
Austria,AUT,2000,70,37,15,100,23,12,81,6
Austria,AUT,2001,52,57,18,83,9,10,76,5
Austria,AUT,2002,71,58,10,131,19,13,85,7
Austria,AUT,2003,49,49,19,88,25,11,70,7
Austria,AUT,2004,78,62,16,75,19,14,83,11
Austria,AUT,2005,103,72,23,81,19,16,70,10
Austria,AUT,2006,101,44,15,71,16,12,76,9
Austria,AUT,2007,116,84,21,98,14,9,75,12
Austria,AUT,2008,123,95,26,121,24,23,90,15
Austria,AUT,2009,83,95,20,82,14,7,52,7
Austria,AUT,2010,51,75,16,50,19,3,30,5
Austria,AUT,2011,35,59,13,37,8,4,20,2
Austria,AUT,2012,27,33,3,24,13,2,11,1
Austria,AUT,2013,20,19,1,15,6,,5,1
Austria,AUT,2014,13,16,12,12,11,1,14,7
Austria,AUT,2015,16,25,2,10,4,,38,3
Austria,AUT,2016,10,12,1,21,5,,11,2
Austria,AUT,2017,7,4,1,10,3,,11,2
Austria,AUT,2018,11,5,1,16,7,,7,2
Austria,AUT,2019,5,16,2,20,4,,7,1
Austria,AUT,2020,4,3,,4,1,,4,
Belarus,BLR,2007,,1,,,,,,
Belgium,BEL,2000,1,6,1,5,,,2,2
Belgium,BEL,2001,2,3,,2,1,,3,
Belgium,BEL,2002,1,3,1,,,,4,
Belgium,BEL,2004,1,,,4,,2,6,
Belgium,BEL,2005,3,5,2,13,1,1,3,2
Belgium,BEL,2006,1,5,,7,2,,2,
Belgium,BEL,2007,3,6,1,18,3,1,4,
Belgium,BEL,2008,4,12,2,8,1,1,2,
Belgium,BEL,2009,4,7,,14,,1,3,1
Belgium,BEL,2010,7,8,,2,2,1,7,
Belgium,BEL,2011,8,9,1,4,2,1,2,3
Belgium,BEL,2012,4,10,3,19,1,1,,1
Belgium,BEL,2013,5,2,2,4,2,2,,
Belgium,BEL,2014,3,14,2,8,2,1,2,2
Belgium,BEL,2015,10,6,1,3,3,1,,1
Belgium,BEL,2016,6,3,1,4,1,,4,
Belgium,BEL,2017,7,4,2,13,1,,3,1
Belgium,BEL,2018,3,4,2,22,3,,4,1
Belgium,BEL,2019,5,2,2,1,1,2,1,
Belgium,BEL,2020,2,,,5,,1,1,
Belgium,BEL,2003,,3,,,1,1,,
Brazil,BRA,2000,13,24,3,40,22,6,46,1
Brazil,BRA,2001,13,64,9,56,33,3,36,1
Brazil,BRA,2002,12,42,10,87,26,2,43,
Brazil,BRA,2003,12,24,13,60,33,7,61,1
Brazil,BRA,2004,16,48,11,67,36,12,70,4
Brazil,BRA,2005,25,50,9,76,34,9,96,3
Brazil,BRA,2006,42,60,10,87,34,23,181,3
Brazil,BRA,2007,75,91,31,148,48,26,301,
Brazil,BRA,2008,95,72,31,127,46,26,369,
Brazil,BRA,2009,129,107,39,235,97,42,441,2
Brazil,BRA,2010,167,161,37,287,61,42,446,5
Brazil,BRA,2011,171,160,26,256,50,31,495,6
Brazil,BRA,2012,160,104,32,269,67,32,470,9
Brazil,BRA,2013,129,78,27,232,50,26,353,7
Brazil,BRA,2014,95,56,26,176,33,15,250,3
Brazil,BRA,2015,106,72,30,171,49,16,228,1
Brazil,BRA,2016,105,47,16,222,38,16,186,1
Brazil,BRA,2017,140,46,30,202,37,16,210,2
Brazil,BRA,2018,119,37,15,225,23,7,167,1
Brazil,BRA,2019,102,37,10,119,35,8,138,6
Brazil,BRA,2020,6,5,,15,5,3,12,
Brazil,BRA,2021,,,,3,,,4,
Bulgaria,BGR,2000,2,4,,,,1,1,
Bulgaria,BGR,2002,1,4,,4,2,,2,
Bulgaria,BGR,2003,3,1,2,2,4,,4,1
Bulgaria,BGR,2005,1,5,1,8,2,2,1,
Bulgaria,BGR,2007,2,2,,4,3,2,,
Bulgaria,BGR,2009,1,3,,4,2,3,,
Bulgaria,BGR,2010,1,2,,2,1,,,
Bulgaria,BGR,2011,2,2,,8,5,4,,
Bulgaria,BGR,2012,4,7,,8,8,,,
Bulgaria,BGR,2015,4,2,,6,3,3,,
Bulgaria,BGR,2016,3,1,,2,2,1,2,
Bulgaria,BGR,2017,3,,,,1,,,
Bulgaria,BGR,2018,5,,2,5,1,1,,
Bulgaria,BGR,2019,3,1,1,3,3,1,2,
Bulgaria,BGR,2020,3,3,,1,4,,,
Bulgaria,BGR,2001,,4,,7,1,,1,
Bulgaria,BGR,2004,,5,1,3,,,1,
Bulgaria,BGR,2006,,2,,8,4,2,2,
Bulgaria,BGR,2008,,5,,4,3,5,,
Bulgaria,BGR,2013,,1,,11,8,,,
Bulgaria,BGR,2014,,,,1,1,1,2,
Canada,CAN,2000,40,30,16,80,26,13,105,
Canada,CAN,2001,55,24,22,77,12,16,99,5
Canada,CAN,2002,66,52,35,116,24,18,129,2
Canada,CAN,2003,58,36,41,139,27,17,95,3
Canada,CAN,2004,79,80,34,153,35,35,129,2
Canada,CAN,2005,89,39,35,148,29,40,171,12
Canada,CAN,2006,106,76,39,184,41,53,228,15
Canada,CAN,2007,171,100,55,254,58,69,374,17
Canada,CAN,2008,219,118,61,305,84,78,360,23
Canada,CAN,2009,271,160,85,415,98,109,492,39
Canada,CAN,2010,303,205,72,515,92,95,514,26
Canada,CAN,2011,277,203,60,451,74,64,524,40
Canada,CAN,2012,226,142,70,364,101,80,447,14
Canada,CAN,2013,213,92,64,392,96,61,410,24
Canada,CAN,2014,183,103,80,317,75,57,339,14
Canada,CAN,2015,193,92,61,298,52,50,277,12
Canada,CAN,2016,176,70,51,291,47,50,227,13
Canada,CAN,2017,179,57,55,257,43,48,211,21
Canada,CAN,2018,189,65,51,285,37,22,220,23
Canada,CAN,2019,207,44,35,149,30,27,179,26
Canada,CAN,2020,74,23,21,77,16,11,67,11
Canada,CAN,2021,7,2,1,14,1,3,3,1
Chile,CHL,2008,6,8,7,11,9,15,33,
Chile,CHL,2009,1,9,2,12,13,12,23,
Chile,CHL,2010,1,1,2,7,6,8,10,1
Chile,CHL,2011,16,45,6,36,20,22,26,
Chile,CHL,2012,17,67,8,35,21,14,39,1
Chile,CHL,2013,19,70,17,57,27,30,32,4
Chile,CHL,2014,38,70,11,69,33,25,23,
Chile,CHL,2015,32,58,10,86,16,16,25,4
Chile,CHL,2016,58,42,7,57,12,17,22,3
Chile,CHL,2017,19,39,9,18,14,7,14,1
Chile,CHL,2018,20,25,5,21,8,10,15,
Chile,CHL,2019,34,41,8,19,9,9,15,3
Chile,CHL,2020,30,29,6,14,6,9,11,6
Chile,CHL,2021,11,16,1,1,1,1,3,
Chile,CHL,2006,,1,,2,,,1,
Chile,CHL,2007,,1,2,3,2,5,6,
Chile,CHL,2004,,,,2,2,,1,
China,CHN,2000,100,444,39,92,68,14,123,15
China,CHN,2001,149,513,51,140,76,28,136,21
China,CHN,2002,230,751,61,196,104,21,186,39
China,CHN,2003,259,683,103,247,120,20,277,53
China,CHN,2004,426,843,90,402,152,100,340,30
China,CHN,2005,566,934,167,605,181,87,459,42
China,CHN,2006,970,1632,273,869,250,119,1038,83
China,CHN,2007,1610,1860,320,1250,344,161,1288,104
China,CHN,2008,2347,2729,454,1850,429,197,1673,113
China,CHN,2009,4134,3667,724,2999,629,264,1759,215
China,CHN,2010,6367,4514,1042,3362,711,341,2173,169
China,CHN,2011,7620,4746,1087,4007,1032,431,2567,217
China,CHN,2012,8368,5480,1202,3941,963,493,2872,256
China,CHN,2013,8027,5127,1190,3185,971,524,2766,237
China,CHN,2014,10096,4297,1553,3365,1144,640,3322,275
China,CHN,2015,12906,5086,2044,4267,1463,582,4178,360
China,CHN,2016,17238,5987,2723,5766,1576,776,5139,589
China,CHN,2017,21910,6232,2129,7962,1897,786,4583,775
China,CHN,2018,24789,6270,1207,8628,1881,851,3773,662
China,CHN,2019,21178,7617,1209,8516,2069,836,3631,934
China,CHN,2020,25905,9803,1265,10729,2420,1033,3175,1007
China,CHN,2021,7502,2215,347,3825,873,372,921,192
Colombia,COL,2009,3,1,1,8,4,4,18,
Colombia,COL,2010,1,,4,4,3,4,19,
Colombia,COL,2011,6,2,4,9,6,5,48,1
Colombia,COL,2012,3,6,3,11,7,3,40,2
Colombia,COL,2013,4,7,4,10,13,4,20,
Colombia,COL,2014,5,,5,12,6,1,15,
Colombia,COL,2015,1,,1,3,2,1,6,
Colombia,COL,2016,2,,,,,,1,
Colombia,COL,2017,10,3,1,9,6,1,5,
Colombia,COL,2018,9,3,1,4,7,1,16,
Colombia,COL,2019,10,11,4,4,2,5,8,1
Colombia,COL,2020,12,4,2,1,4,3,7,3
Colombia,COL,2021,11,6,3,1,6,3,11,1
Colombia,COL,2005,,1,,,,,5,
Colombia,COL,2008,,3,3,5,1,2,6,
Colombia,COL,2001,,,1,1,,,1,
Colombia,COL,2006,,,1,,,,2,
Colombia,COL,2007,,,1,,,,6,
Colombia,COL,2004,,,,1,,,2,
Colombia,COL,2000,,,,,1,,4,
Costa Rica,CRI,2008,2,1,1,,,2,7,
Costa Rica,CRI,2009,2,,,4,1,2,3,
Costa Rica,CRI,2010,1,,1,,,,8,
Costa Rica,CRI,2011,1,1,4,7,1,2,7,1
Costa Rica,CRI,2014,1,,3,4,1,,4,
Costa Rica,CRI,2016,1,,,,,,,1
Costa Rica,CRI,2017,2,2,,,2,,1,
Costa Rica,CRI,2018,5,2,2,3,,,,2
Costa Rica,CRI,2019,2,,1,,2,,4,
Costa Rica,CRI,2004,,1,,2,,,1,
Costa Rica,CRI,2005,,1,,2,1,2,1,
Costa Rica,CRI,2007,,2,1,,,,6,
Costa Rica,CRI,2012,,1,,,1,1,1,
Costa Rica,CRI,2013,,4,2,1,2,1,10,
Costa Rica,CRI,2003,,,1,,,,4,
Costa Rica,CRI,2006,,,,,1,1,,
Costa Rica,CRI,2015,,,,,1,1,7,2
Croatia,HRV,2000,2,3,,3,2,,2,
Croatia,HRV,2005,3,4,,,1,,,
Croatia,HRV,2008,1,4,,5,5,2,1,
Croatia,HRV,2009,1,2,,9,1,,3,
Croatia,HRV,2010,1,5,2,4,2,,,
Croatia,HRV,2011,11,20,,3,9,2,8,
Croatia,HRV,2012,15,14,4,12,1,2,11,1
Croatia,HRV,2013,8,12,2,24,4,1,5,1
Croatia,HRV,2014,6,5,7,25,5,3,6,
Croatia,HRV,2015,1,4,,37,3,2,8,
Croatia,HRV,2016,16,21,6,31,3,,11,6
Croatia,HRV,2017,4,18,8,16,4,2,41,2
Croatia,HRV,2018,15,18,11,5,3,7,34,
Croatia,HRV,2019,29,15,7,22,7,5,37,
Croatia,HRV,2020,16,13,4,16,3,6,22,
Croatia,HRV,2021,20,6,6,13,2,1,11,1
Croatia,HRV,2001,,2,,4,1,,1,
Croatia,HRV,2003,,5,,1,3,,,1
Croatia,HRV,2004,,4,1,7,2,,3,
Croatia,HRV,2006,,4,1,3,2,,4,
Croatia,HRV,2007,,2,1,3,,,2,
Croatia,HRV,2002,,,,3,3,,3,
Cuba,CUB,2000,1,9,,1,,,,
Cuba,CUB,2002,1,1,,,,,2,
Cuba,CUB,2012,1,3,,2,,,3,
Cuba,CUB,2014,1,,10,14,1,,23,
Cuba,CUB,2016,2,,,,,,1,
Cuba,CUB,2017,5,3,,2,2,1,4,
Cuba,CUB,2011,,1,2,,2,3,8,
Cuba,CUB,2013,,4,1,1,1,,8,
Cuba,CUB,2010,,,1,,,2,1,
Cuba,CUB,2015,,,1,1,,,8,
Cuba,CUB,2003,,,,1,,,,
Cuba,CUB,2005,,,,3,1,1,,
Cuba,CUB,2007,,,,2,,,3,
Cuba,CUB,2008,,,,1,,1,2,
Cuba,CUB,2009,,,,4,1,2,2,
Cuba,CUB,2019,,,,,1,,,
Cuba,CUB,2006,,,,,,,1,
Cyprus,CYP,2007,2,7,,3,1,3,1,
Cyprus,CYP,2008,4,6,2,19,1,1,1,2
Cyprus,CYP,2009,2,1,,17,,,7,
Cyprus,CYP,2010,1,5,5,13,1,,2,
Cyprus,CYP,2011,8,12,4,7,,,11,
Cyprus,CYP,2012,8,12,5,23,1,2,9,1
Cyprus,CYP,2013,8,10,1,16,1,2,2,
Cyprus,CYP,2014,4,9,1,23,2,4,7,
Cyprus,CYP,2015,1,4,3,43,,2,5,
Cyprus,CYP,2016,5,7,3,41,2,2,3,2
Cyprus,CYP,2017,3,23,10,13,,2,12,
Cyprus,CYP,2018,5,5,7,10,4,6,9,1
Cyprus,CYP,2006,,1,,,,,2,
Cyprus,CYP,2019,,1,,6,1,3,,
Cyprus,CYP,2005,,,,1,,,,
Cyprus,CYP,2004,,,,,,,1,
Czechia,CZE,2000,3,9,2,2,9,,15,1
Czechia,CZE,2001,5,14,1,5,3,1,14,1
Czechia,CZE,2005,1,15,1,5,5,,16,1
Czechia,CZE,2006,3,16,2,5,8,,17,4
Czechia,CZE,2007,6,11,1,6,16,1,31,4
Czechia,CZE,2008,10,16,,12,8,,9,
Czechia,CZE,2009,12,49,1,12,10,,15,
Czechia,CZE,2010,11,19,1,2,1,1,23,
Czechia,CZE,2011,20,22,,6,5,,23,
Czechia,CZE,2012,10,15,1,9,20,2,44,2
Czechia,CZE,2013,15,11,1,10,5,,5,
Czechia,CZE,2014,8,12,2,3,7,,6,
Czechia,CZE,2015,5,5,,5,3,,5,
Czechia,CZE,2016,7,7,,1,5,,8,
Czechia,CZE,2017,8,8,2,11,3,1,12,
Czechia,CZE,2018,13,7,,2,6,,8,
Czechia,CZE,2019,8,4,4,7,1,,10,
Czechia,CZE,2020,3,2,,2,1,,9,1
Czechia,CZE,2021,6,2,,,,,4,
Czechia,CZE,2002,,10,1,9,4,,9,
Czechia,CZE,2003,,16,,7,6,,15,1
Czechia,CZE,2004,,7,,11,5,,10,2
Denmark,DNK,2000,11,16,4,69,9,6,31,4
Denmark,DNK,2001,9,7,2,74,1,10,27,1
Denmark,DNK,2002,7,20,6,150,4,6,38,3
Denmark,DNK,2003,8,7,5,106,3,3,40,2
Denmark,DNK,2004,9,15,7,123,5,12,36,4
Denmark,DNK,2005,4,10,6,134,6,13,55,3
Denmark,DNK,2006,10,13,11,116,6,10,62,
Denmark,DNK,2007,14,17,11,209,1,6,69,2
Denmark,DNK,2008,28,27,14,294,15,19,86,11
Denmark,DNK,2009,25,28,12,384,13,21,114,12
Denmark,DNK,2010,38,41,15,487,11,29,99,11
Denmark,DNK,2011,39,44,20,606,13,21,134,7
Denmark,DNK,2012,53,35,19,596,16,14,127,2
Denmark,DNK,2013,36,27,18,470,14,17,125,4
Denmark,DNK,2014,54,31,11,463,13,20,76,2
Denmark,DNK,2015,38,27,19,331,9,16,78,1
Denmark,DNK,2016,26,20,15,345,12,14,59,7
Denmark,DNK,2017,24,13,8,306,11,9,29,5
Denmark,DNK,2018,12,6,6,184,,3,20,5
Denmark,DNK,2019,3,5,3,87,1,,15,2
Denmark,DNK,2020,4,3,,26,,,5,
Denmark,DNK,2021,,,,9,1,2,3,
Dominican Republic,DOM,2009,1,1,,2,1,1,2,
Dominican Republic,DOM,2010,1,,1,2,1,2,2,1
Dominican Republic,DOM,2016,2,,1,3,,,1,
Dominican Republic,DOM,2019,1,,,,2,2,1,
Dominican Republic,DOM,2011,,1,3,,1,1,4,
Dominican Republic,DOM,2013,,4,2,1,,,1,
Dominican Republic,DOM,2017,,1,1,,1,,2,
Dominican Republic,DOM,2021,,,1,,,,,
Dominican Republic,DOM,2012,,,,2,,,5,
Dominican Republic,DOM,2015,,,,,1,2,1,
Dominican Republic,DOM,2018,,,,,2,,,
Dominican Republic,DOM,2020,,,,,2,1,,
Dominican Republic,DOM,2006,,,,,,,1,
Dominican Republic,DOM,2007,,,,,,,1,
Dominican Republic,DOM,2014,,,,,,,3,
Ecuador,ECU,2007,2,,1,,,,2,
Ecuador,ECU,2009,2,,1,6,2,4,6,
Ecuador,ECU,2012,1,,,3,2,1,11,
Ecuador,ECU,2013,1,,2,4,4,1,7,
Ecuador,ECU,2014,1,,1,2,,,,
Ecuador,ECU,2017,1,,1,,2,,,
Ecuador,ECU,2018,3,1,1,,3,,3,
Ecuador,ECU,2019,4,3,,,,,,
Ecuador,ECU,2020,1,,,,2,1,,1
Ecuador,ECU,2006,,3,,,2,3,1,
Ecuador,ECU,2011,,1,7,5,7,4,18,
Ecuador,ECU,2015,,3,,,,,6,
Ecuador,ECU,2010,,,3,,10,2,6,
Ecuador,ECU,2005,,,,2,1,2,2,
Ecuador,ECU,2008,,,,2,1,3,2,
Ecuador,ECU,2000,,,,,1,,,
Ecuador,ECU,2016,,,,,,1,,
Ecuador,ECU,2003,,,,,,,2,
Egypt,EGY,2006,4,3,5,2,1,2,1,
Egypt,EGY,2007,1,4,3,3,,1,3,1
Egypt,EGY,2008,1,10,3,4,,1,2,
Egypt,EGY,2009,10,18,1,10,2,3,5,1
Egypt,EGY,2010,7,15,7,5,2,2,6,1
Egypt,EGY,2011,4,16,2,8,2,2,6,
Egypt,EGY,2012,5,4,,2,,,4,
Egypt,EGY,2000,,2,,1,,,3,
Egypt,EGY,2001,,3,1,,1,,,
Egypt,EGY,2002,,1,1,,3,,,
Egypt,EGY,2003,,1,1,,1,,,
Egypt,EGY,2005,,3,2,,,1,3,
Egypt,EGY,2004,,,1,1,,,,
El Salvador,SLV,2010,1,,1,,,,2,1
El Salvador,SLV,2018,1,,,,,,,
El Salvador,SLV,2017,,1,1,,,,2,
El Salvador,SLV,2016,,,1,,,,,
El Salvador,SLV,2009,,,,,1,2,2,
El Salvador,SLV,2011,,,,,1,1,1,
El Salvador,SLV,2013,,,,,1,,,
Estonia,EST,2001,1,,,3,,,2,1
Estonia,EST,2005,4,5,,1,,,,
Estonia,EST,2016,4,2,,2,,,1,
Estonia,EST,2019,2,,,,,,,
Estonia,EST,2008,,6,1,1,,,1,1
Estonia,EST,2009,,1,1,,,,2,
Estonia,EST,2011,,1,,1,,,2,
Estonia,EST,2014,,1,,,,,1,
Estonia,EST,2017,,1,,1,,,,
Estonia,EST,2018,,1,1,,,,,
Estonia,EST,2010,,,1,2,1,1,2,
Estonia,EST,2002,,,,1,1,,2,
Estonia,EST,2007,,,,2,,,,1
Estonia,EST,2012,,,,2,,,,
Estonia,EST,2006,,,,,1,,,
Estonia,EST,2015,,,,,,1,,
Estonia,EST,2000,,,,,,,3,
Estonia,EST,2013,,,,,,,1,
Europe,,2000,529,671,162,817,222,121,612,52
Europe,,2001,481,603,133,993,146,114,600,56
Europe,,2002,514,632,129,1285,224,136,657,63
Europe,,2003,491,620,160,1175,254,128,625,48
Europe,,2004,624,675,151,1129,234,186,653,77
Europe,,2005,878,879,183,1233,275,220,775,86
Europe,,2006,996,1030,213,1387,305,255,982,103
Europe,,2007,1334,1354,307,1945,362,295,1329,183
Europe,,2008,1818,1851,342,2416,508,421,1370,186
Europe,,2009,2319,2376,391,2744,512,406,1551,179
Europe,,2010,2560,2522,405,2881,556,432,1348,165
Europe,,2011,2512,2106,410,3217,556,396,1453,145
Europe,,2012,2182,1639,346,3188,562,328,1428,145
Europe,,2013,1699,1200,276,2506,487,326,1266,124
Europe,,2014,1466,1043,214,2319,455,319,1148,104
Europe,,2015,1360,835,219,1887,376,263,1049,85
Europe,,2016,1276,747,219,2027,357,194,895,104
Europe,,2017,1104,579,181,1970,286,203,759,97
Europe,,2018,1057,482,166,1396,241,137,683,96
Europe,,2019,895,419,132,917,595,93,482,64
Europe,,2020,474,233,47,430,2126,72,261,22
Europe,,2021,143,64,17,102,28,19,49,4
European Union (27),,2000,495,586,150,713,182,94,521,50
European Union (27),,2001,437,536,122,814,87,93,521,51
European Union (27),,2002,453,567,114,1111,159,85,547,58
European Union (27),,2003,432,515,140,883,149,76,513,45
European Union (27),,2004,571,600,139,899,131,121,542,74
European Union (27),,2005,765,765,158,931,141,130,651,74
European Union (27),,2006,871,883,179,1013,173,139,823,89
European Union (27),,2007,1164,1152,261,1440,191,167,1040,157
European Union (27),,2008,1596,1616,275,1829,282,250,1107,161
European Union (27),,2009,2051,2108,308,2106,305,247,1178,161
European Union (27),,2010,2281,2166,311,2274,351,272,995,136
European Union (27),,2011,2228,1869,324,2563,358,240,1107,113
European Union (27),,2012,1864,1415,281,2543,354,196,1112,119
European Union (27),,2013,1428,987,220,2021,325,203,977,94
European Union (27),,2014,1190,801,165,1847,283,210,857,79
European Union (27),,2015,1119,673,175,1497,231,157,799,65
European Union (27),,2016,1034,595,175,1682,222,102,694,75
European Union (27),,2017,857,444,154,1501,178,117,588,74
European Union (27),,2018,841,398,137,1086,156,87,506,71
European Union (27),,2019,725,334,110,657,127,48,370,42
European Union (27),,2020,349,169,35,258,66,33,191,14
European Union (27),,2021,125,53,16,71,17,11,40,3
Finland,FIN,2001,1,,,1,,2,11,
Finland,FIN,2002,2,3,,4,,,3,2
Finland,FIN,2003,1,2,1,,,1,10,
Finland,FIN,2004,2,1,,6,,2,9,3
Finland,FIN,2005,2,1,,7,,3,5,
Finland,FIN,2006,3,4,1,10,2,2,15,4
Finland,FIN,2007,7,2,2,3,2,2,17,1
Finland,FIN,2008,3,11,,15,1,6,23,2
Finland,FIN,2009,7,6,,14,3,1,28,1
Finland,FIN,2010,4,4,2,21,1,4,35,1
Finland,FIN,2011,4,4,2,11,2,4,33,1
Finland,FIN,2012,10,11,5,11,2,4,34,9
Finland,FIN,2013,7,6,2,4,4,5,29,2
Finland,FIN,2014,1,7,1,5,3,4,26,2
Finland,FIN,2015,4,3,1,1,1,,28,
Finland,FIN,2016,7,2,1,9,4,1,26,1
Finland,FIN,2017,5,3,3,6,2,7,27,3
Finland,FIN,2018,10,7,6,5,8,2,29,6
Finland,FIN,2019,19,10,3,,3,,13,5
Finland,FIN,2020,3,2,1,6,2,,4,2
Finland,FIN,2021,1,,,,,,,1
Finland,FIN,2000,,3,1,3,1,,4,
France,FRA,2000,6,29,4,25,10,4,30,4
France,FRA,2001,20,22,4,26,1,1,22,4
France,FRA,2002,24,28,3,30,15,4,20,3
France,FRA,2003,26,35,11,27,11,8,20,5
France,FRA,2004,25,38,9,39,11,11,18,4
France,FRA,2005,39,49,10,24,7,11,36,8
France,FRA,2006,48,72,15,61,6,11,43,5
France,FRA,2007,85,116,29,73,17,20,56,16
France,FRA,2008,161,143,15,97,26,14,70,12
France,FRA,2009,278,263,33,81,24,21,70,18
France,FRA,2010,338,301,30,106,21,36,43,12
France,FRA,2011,259,197,41,115,27,38,61,11
France,FRA,2012,187,128,24,105,32,43,89,15
France,FRA,2013,190,93,26,75,30,35,64,14
France,FRA,2014,162,57,17,89,18,43,55,14
France,FRA,2015,185,92,23,73,16,15,59,12
France,FRA,2016,147,55,12,76,15,16,52,10
France,FRA,2017,117,37,18,74,14,22,49,11
France,FRA,2018,157,54,12,72,16,17,45,7
France,FRA,2019,117,54,12,47,7,10,51,4
France,FRA,2020,28,13,3,22,1,5,32,
France,FRA,2021,2,1,,,,,2,
Georgia,GEO,2000,,1,,2,7,,,
Georgia,GEO,2001,,3,,2,4,,,
Georgia,GEO,2002,,2,,3,,,,
Georgia,GEO,2003,,2,1,1,,,,
Georgia,GEO,2005,,1,,4,4,1,,
Georgia,GEO,2006,,2,,3,2,,,
Georgia,GEO,2007,,1,,3,2,,,
Georgia,GEO,2010,,2,,3,2,,,
Georgia,GEO,2011,,5,2,3,,1,1,
Georgia,GEO,2012,,2,,1,3,,1,
Georgia,GEO,2015,,1,,,1,,,
Georgia,GEO,2008,,,1,,1,,1,
Georgia,GEO,2004,,,,2,4,1,,
Georgia,GEO,2009,,,,1,2,1,,1
Georgia,GEO,2013,,,,1,1,,,
Georgia,GEO,2014,,,,2,2,,,
Georgia,GEO,2016,,,,1,2,,,
Georgia,GEO,2019,,,,3,,,,
Germany,DEU,2000,315,350,96,326,70,35,198,22
Germany,DEU,2001,283,316,71,384,42,32,207,25
Germany,DEU,2002,258,302,65,383,53,24,232,36
Germany,DEU,2003,254,278,66,357,46,27,217,23
Germany,DEU,2004,344,263,60,300,43,27,204,35
Germany,DEU,2005,439,361,67,328,47,26,251,30
Germany,DEU,2006,531,453,72,335,64,30,303,49
Germany,DEU,2007,629,511,112,494,67,50,451,90
Germany,DEU,2008,807,694,129,613,86,70,381,81
Germany,DEU,2009,1148,877,129,593,91,77,335,69
Germany,DEU,2010,1238,940,111,723,134,62,245,69
Germany,DEU,2011,1204,787,108,723,144,66,269,36
Germany,DEU,2012,995,570,105,713,118,36,281,61
Germany,DEU,2013,643,350,92,531,72,42,254,39
Germany,DEU,2014,512,266,67,453,100,43,324,35
Germany,DEU,2015,418,171,46,406,60,24,269,16
Germany,DEU,2016,412,164,52,482,59,12,264,19
Germany,DEU,2017,336,120,50,499,53,22,219,17
Germany,DEU,2018,318,132,34,440,57,25,214,12
Germany,DEU,2019,307,105,41,280,56,9,164,16
Germany,DEU,2020,193,65,19,108,34,4,72,9
Germany,DEU,2021,61,25,8,38,7,3,14,1
Greece,GRC,2000,3,13,5,7,3,3,7,
Greece,GRC,2001,2,12,3,9,2,3,6,
Greece,GRC,2003,5,11,2,3,3,2,,
Greece,GRC,2004,2,7,,2,3,8,,
Greece,GRC,2006,2,10,2,23,3,10,6,2
Greece,GRC,2007,3,14,,19,5,12,6,2
Greece,GRC,2008,4,17,1,17,5,9,6,
Greece,GRC,2009,8,26,2,13,7,5,7,2
Greece,GRC,2010,20,36,2,16,8,5,6,2
Greece,GRC,2011,22,30,2,17,2,5,5,1
Greece,GRC,2012,7,16,1,15,4,4,2,1
Greece,GRC,2013,9,16,1,10,5,4,,
Greece,GRC,2014,7,19,1,11,8,2,3,
Greece,GRC,2015,9,5,1,9,2,2,1,1
Greece,GRC,2016,8,19,2,8,3,,,
Greece,GRC,2017,6,5,,5,2,,2,
Greece,GRC,2018,8,6,3,9,2,,2,
Greece,GRC,2019,5,4,1,5,1,,4,
Greece,GRC,2020,4,2,,4,,,3,
Greece,GRC,2002,,2,2,,1,1,2,
Greece,GRC,2005,,5,,3,2,4,1,
Guatemala,GTM,2012,1,,,2,,,4,
Guatemala,GTM,2013,2,1,4,2,,,1,
Guatemala,GTM,2009,,2,1,4,1,2,2,
Guatemala,GTM,2011,,1,1,,,1,2,
Guatemala,GTM,2017,,1,1,,,,4,
Guatemala,GTM,2008,,,1,,,,2,
Guatemala,GTM,2010,,,1,,,,,
Guatemala,GTM,2016,,,1,3,,,,
Guatemala,GTM,2007,,,,2,1,,4,
Guatemala,GTM,2015,,,,1,,1,1,
Guatemala,GTM,2005,,,,,,,1,
Guatemala,GTM,2014,,,,,,,3,
High-income countries,,2000,3113,1382,495,1551,541,252,1982,111
High-income countries,,2001,3175,1372,516,1927,452,259,2113,146
High-income countries,,2002,2997,1407,446,2420,532,272,2266,183
High-income countries,,2003,3322,1422,579,2472,574,307,2268,169
High-income countries,,2004,3901,1607,500,2501,650,409,2348,198
High-income countries,,2005,4515,1746,588,2718,713,498,2582,226
High-income countries,,2006,5303,2209,685,2883,744,603,3240,287
High-income countries,,2007,7141,2860,877,3940,926,797,4150,399
High-income countries,,2008,10407,4058,1049,5440,1339,1073,4763,442
High-income countries,,2009,15002,5345,1259,7019,1533,1339,5241,585
High-income countries,,2010,18036,5989,1412,7832,1517,1310,5462,498
High-income countries,,2011,19386,5539,1382,8154,1603,1234,5654,518
High-income countries,,2012,18058,4648,1281,7878,1639,1163,5561,513
High-income countries,,2013,15648,3819,1202,6690,1450,1058,5348,483
High-income countries,,2014,14214,3194,1191,6249,1283,1016,4995,426
High-income countries,,2015,13012,2605,1058,5155,1070,860,4407,332
High-income countries,,2016,12955,2339,1069,5202,1024,753,3954,425
High-income countries,,2017,12115,1871,872,5324,940,727,3486,332
High-income countries,,2018,11655,1711,807,4725,815,543,3145,364
High-income countries,,2019,10261,1410,652,3413,717,426,2682,331
High-income countries,,2020,5520,851,392,1730,402,246,1472,149
High-income countries,,2021,1742,352,174,596,98,89,508,46
Honduras,HND,2011,,1,1,,,,2,
Honduras,HND,2010,,,1,,,,2,
Honduras,HND,2009,,,,,,1,,
Honduras,HND,2008,,,,,,,4,
Honduras,HND,2012,,,,,,,1,
Hong Kong,HKG,2000,5,8,,3,1,1,3,
Hong Kong,HKG,2001,6,7,1,2,,2,5,
Hong Kong,HKG,2002,15,8,4,6,3,3,14,3
Hong Kong,HKG,2003,5,4,1,8,3,3,9,
Hong Kong,HKG,2004,10,4,4,2,,,9,
Hong Kong,HKG,2005,17,2,3,12,2,2,12,1
Hong Kong,HKG,2006,18,13,6,13,7,2,11,
Hong Kong,HKG,2007,18,8,8,5,5,5,6,
Hong Kong,HKG,2008,21,4,6,13,,2,8,
Hong Kong,HKG,2009,29,13,5,19,3,5,7,1
Hong Kong,HKG,2010,41,9,8,15,1,2,16,
Hong Kong,HKG,2011,40,8,8,24,5,9,28,3
Hong Kong,HKG,2012,33,15,7,20,8,4,16,3
Hong Kong,HKG,2013,46,7,20,27,3,4,27,2
Hong Kong,HKG,2014,17,11,7,18,4,4,20,1
Hong Kong,HKG,2015,82,21,12,38,6,4,33,
Hong Kong,HKG,2016,92,22,10,18,2,5,42,5
Hong Kong,HKG,2018,53,15,4,18,7,6,29,1
Hong Kong,HKG,2019,3,2,2,1,,,3,
Hong Kong,HKG,2017,,,,,,,,1
Hungary,HUN,2000,6,5,1,,1,2,13,
Hungary,HUN,2001,1,3,,3,,1,15,1
Hungary,HUN,2004,1,4,1,10,2,,10,
Hungary,HUN,2005,1,3,1,3,1,,10,3
Hungary,HUN,2006,3,10,2,9,1,,25,
Hungary,HUN,2007,6,10,5,17,3,2,21,4
Hungary,HUN,2008,1,12,,23,6,,22,
Hungary,HUN,2009,5,11,5,19,7,,52,9
Hungary,HUN,2010,11,16,6,19,12,2,43,4
Hungary,HUN,2011,12,18,9,22,5,2,43,2
Hungary,HUN,2012,10,11,6,42,8,3,49,2
Hungary,HUN,2013,17,23,4,8,3,1,43,2
Hungary,HUN,2014,18,14,2,11,4,2,31,1
Hungary,HUN,2015,25,11,5,10,8,1,28,4
Hungary,HUN,2016,19,5,4,11,4,1,25,1
Hungary,HUN,2017,29,6,2,17,5,1,8,2
Hungary,HUN,2018,11,3,1,7,4,,8,1
Hungary,HUN,2019,6,2,1,5,,1,,2
Hungary,HUN,2002,,7,1,5,6,1,15,
Hungary,HUN,2003,,6,1,7,1,1,3,
Hungary,HUN,2020,,1,,,,1,,
Iceland,ISL,2003,,1,,2,1,,4,1
Iceland,ISL,2005,,1,,1,1,2,,
Iceland,ISL,2000,,,,1,1,1,,
Iceland,ISL,2001,,,,1,,,,
Iceland,ISL,2002,,,,5,1,2,,1
Iceland,ISL,2004,,,,3,1,,,
Iceland,ISL,2006,,,,2,,,,
Iceland,ISL,2011,,,,,1,1,,
Iceland,ISL,2016,,,,,1,1,,
Iceland,ISL,2014,,,,,,,,1
Iceland,ISL,2018,,,,,,,,1
Iceland,ISL,2019,,,,,,,,3
India,IND,2000,2,,,,,,,
India,IND,2001,2,,,,,,,
India,IND,2003,1,,,,,,,
India,IND,2004,3,,,,,,,
India,IND,2005,3,,,,,,4,
India,IND,2006,1,,,,,,1,
India,IND,2007,2,,,,,,,
India,IND,2009,1,,,2,,1,3,
India,IND,2011,1,,,3,,,1,
India,IND,2012,68,46,11,64,10,8,46,
India,IND,2013,13,35,3,34,10,3,14,
India,IND,2014,132,84,30,163,26,18,117,3
India,IND,2015,48,33,7,82,9,12,42,
India,IND,2010,,,,1,,,,
India,IND,2017,,,,,1,,,
India,IND,2008,,,,,,,1,
Indonesia,IDN,2000,2,,,,1,,2,
Indonesia,IDN,2001,,,,,,,1,
Ireland,IRL,2004,1,,,,,,,
Ireland,IRL,2005,1,,,,,,3,
Ireland,IRL,2008,12,17,4,6,1,,1,
Ireland,IRL,2009,6,2,,9,4,3,2,
Ireland,IRL,2010,2,10,1,3,,3,1,
Ireland,IRL,2019,1,,,,,,,
Ireland,IRL,2020,2,,,,,,,
Ireland,IRL,2007,,7,,1,,1,1,1
Ireland,IRL,2011,,3,,1,2,1,,
Ireland,IRL,2013,,1,1,6,1,,,
Ireland,IRL,2015,,3,,3,3,2,,
Ireland,IRL,2018,,1,,,,1,,
Ireland,IRL,2000,,,,2,2,2,,
Ireland,IRL,2001,,,,2,1,1,,
Ireland,IRL,2006,,,,1,,,2,
Ireland,IRL,2012,,,,5,1,2,1,
Ireland,IRL,2014,,,,1,1,,2,
Ireland,IRL,2016,,,,2,2,1,,
Ireland,IRL,2017,,,,2,1,,,
Israel,ISR,2000,10,18,4,3,1,,9,
Israel,ISR,2001,10,12,4,5,,,10,1
Israel,ISR,2002,11,16,8,9,1,1,9,
Israel,ISR,2003,9,15,4,3,1,1,8,
Israel,ISR,2004,2,5,4,6,1,1,3,
Israel,ISR,2005,7,21,5,12,1,1,2,
Israel,ISR,2006,19,28,8,9,4,4,11,1
Israel,ISR,2007,25,31,7,11,2,2,19,
Israel,ISR,2008,38,68,15,19,5,10,17,
Israel,ISR,2009,51,53,19,34,4,6,25,1
Israel,ISR,2010,73,81,23,25,3,5,45,2
Israel,ISR,2011,80,131,19,34,9,10,49,2
Israel,ISR,2012,59,98,20,20,2,4,56,1
Israel,ISR,2013,32,71,22,18,5,4,82,1
Israel,ISR,2014,37,76,19,16,8,3,42,1
Israel,ISR,2015,48,43,28,34,3,7,56,5
Israel,ISR,2016,51,57,14,14,4,5,63,
Israel,ISR,2017,40,41,13,6,8,7,46,3
Israel,ISR,2018,26,30,11,7,3,4,33,1
Israel,ISR,2019,40,26,13,9,3,3,15,
Israel,ISR,2020,37,21,10,14,6,4,5,3
Israel,ISR,2021,31,22,8,6,,,7,
Italy,ITA,2000,5,8,3,4,1,,6,
Italy,ITA,2001,5,12,2,6,1,1,16,
Italy,ITA,2002,8,4,2,12,,2,14,
Italy,ITA,2003,10,11,2,4,3,3,15,1
Italy,ITA,2004,9,7,5,10,2,4,11,
Italy,ITA,2005,12,16,5,11,1,1,17,1
Italy,ITA,2006,13,31,12,18,2,5,42,1
Italy,ITA,2007,47,63,15,22,4,3,20,3
Italy,ITA,2008,78,122,8,37,7,8,32,4
Italy,ITA,2009,141,156,27,88,15,14,30,6
Italy,ITA,2010,151,143,28,80,25,6,25,9
Italy,ITA,2011,179,166,23,92,22,13,32,8
Italy,ITA,2012,126,108,24,73,14,12,33,9
Italy,ITA,2013,77,48,7,79,32,11,36,6
Italy,ITA,2014,3,1,,1,,,2,1
Italy,ITA,2015,27,23,9,23,11,6,20,2
Italy,ITA,2016,52,40,9,31,23,6,23,5
Italy,ITA,2017,43,38,15,29,10,11,20,5
Italy,ITA,2018,47,11,4,33,4,3,16,4
Italy,ITA,2019,29,8,2,19,6,1,9,1
Japan,JPN,2000,1730,393,183,269,178,42,841,38
Japan,JPN,2001,1537,342,177,394,198,41,809,58
Japan,JPN,2002,1423,336,140,462,172,39,866,81
Japan,JPN,2003,1482,275,151,507,184,35,851,71
Japan,JPN,2004,1603,331,136,454,166,50,836,81
Japan,JPN,2005,1515,250,149,459,173,51,779,75
Japan,JPN,2006,1577,267,137,403,174,55,863,52
Japan,JPN,2007,1848,303,125,424,166,85,867,76
Japan,JPN,2008,2385,453,151,493,232,105,916,74
Japan,JPN,2009,3729,637,176,668,239,148,854,108
Japan,JPN,2010,4690,687,185,783,214,140,876,88
Japan,JPN,2011,5090,599,190,747,287,158,748,108
Japan,JPN,2012,5364,594,191,825,337,189,799,137
Japan,JPN,2013,4264,498,173,668,267,155,749,122
Japan,JPN,2014,3639,404,191,690,204,134,659,118
Japan,JPN,2015,3084,250,140,585,202,119,664,80
Japan,JPN,2016,2708,182,119,630,190,123,616,96
Japan,JPN,2017,2411,163,81,604,176,83,582,52
Japan,JPN,2018,1983,129,58,545,147,61,527,61
Japan,JPN,2019,1463,71,53,359,118,53,413,53
Japan,JPN,2020,649,42,29,134,60,19,224,16
Japan,JPN,2021,161,8,9,46,9,11,59,7
Jordan,JOR,2015,1,3,,3,,,,
Jordan,JOR,2020,3,5,,,2,1,,1
Jordan,JOR,2021,1,3,,,,,,
Jordan,JOR,2004,,2,,,,,,
Jordan,JOR,2007,,1,2,,,,,
Jordan,JOR,2009,,3,1,,,,,
Jordan,JOR,2010,,1,1,,,,1,
Jordan,JOR,2013,,2,1,,,,,
Jordan,JOR,2014,,1,,,,,,
Jordan,JOR,2016,,1,,1,,,,
Jordan,JOR,2017,,1,1,,,,,
Jordan,JOR,2000,,,1,,,,1,
Jordan,JOR,2006,,,1,,,,,
Jordan,JOR,2008,,,2,1,1,,,
Jordan,JOR,2011,,,3,1,,,,
Jordan,JOR,2012,,,1,,,,,
Jordan,JOR,2019,,,1,,,,,
Jordan,JOR,2018,,,,,2,,,
Kazakhstan,KAZ,2004,1,1,,,,,,
Kazakhstan,KAZ,2011,,1,1,,,,,
Kazakhstan,KAZ,2006,,,,1,,,,
Kazakhstan,KAZ,2010,,,,1,,,,
Latvia,LVA,2008,3,2,,3,2,,,
Latvia,LVA,2009,1,3,,4,3,,1,
Latvia,LVA,2011,4,2,,3,,,1,
Latvia,LVA,2013,1,,,4,,1,3,
Latvia,LVA,2014,2,,,,2,,1,1
Latvia,LVA,2016,1,2,,1,3,,1,
Latvia,LVA,2018,2,1,,2,,,1,
Latvia,LVA,2004,,1,,,,,2,
Latvia,LVA,2006,,4,,3,1,1,,
Latvia,LVA,2007,,3,,1,,,2,
Latvia,LVA,2010,,3,,1,,,3,
Latvia,LVA,2012,,1,,4,,1,1,
Latvia,LVA,2015,,2,,3,1,,1,
Latvia,LVA,2017,,,1,3,2,,,
Latvia,LVA,2000,,,,3,1,1,,
Latvia,LVA,2001,,,,1,,,,
Latvia,LVA,2002,,,,1,2,,1,
Latvia,LVA,2003,,,,3,,,1,
Latvia,LVA,2005,,,,1,1,,,
Latvia,LVA,2019,,,,3,,,2,
Latvia,LVA,2020,,,,1,,,,
Lithuania,LTU,2008,1,5,2,8,4,3,4,
Lithuania,LTU,2009,1,4,2,5,1,,20,1
Lithuania,LTU,2010,6,3,1,10,2,5,21,
Lithuania,LTU,2011,5,7,8,7,2,1,14,2
Lithuania,LTU,2012,7,6,3,8,1,1,19,
Lithuania,LTU,2013,10,5,3,8,4,3,20,
Lithuania,LTU,2014,7,12,1,10,,1,11,
Lithuania,LTU,2015,2,3,1,9,1,,10,
Lithuania,LTU,2016,12,3,2,9,3,1,9,
Lithuania,LTU,2017,6,4,,3,2,,5,
Lithuania,LTU,2018,3,,1,2,1,,4,
Lithuania,LTU,2019,3,2,,3,1,,,
Lithuania,LTU,2000,,3,,2,,,,
Lithuania,LTU,2007,,1,2,2,1,1,6,1
Lithuania,LTU,2001,,,,1,2,,,
Lithuania,LTU,2002,,,,2,6,,,
Lithuania,LTU,2003,,,,1,2,,1,
Lithuania,LTU,2005,,,,1,,,,
Lithuania,LTU,2004,,,,,1,,3,
Lithuania,LTU,2006,,,,,2,,2,2
Lithuania,LTU,2020,,,,,1,,,
Lower-middle-income countries,,2000,7,8,,5,5,,16,
Lower-middle-income countries,,2001,6,12,3,16,3,,6,
Lower-middle-income countries,,2002,1,5,3,13,11,2,8,
Lower-middle-income countries,,2003,9,22,4,78,12,5,15,
Lower-middle-income countries,,2004,8,7,1,38,11,1,6,
Lower-middle-income countries,,2005,8,16,2,50,19,7,37,1
Lower-middle-income countries,,2006,13,24,10,67,22,10,22,
Lower-middle-income countries,,2007,13,33,5,96,28,10,45,3
Lower-middle-income countries,,2008,20,71,16,78,31,10,36,
Lower-middle-income countries,,2009,39,96,7,114,36,20,109,2
Lower-middle-income countries,,2010,39,119,25,110,34,10,119,4
Lower-middle-income countries,,2011,53,170,21,100,34,18,77,1
Lower-middle-income countries,,2012,135,189,24,151,38,26,116,1
Lower-middle-income countries,,2013,67,223,16,134,23,16,59,3
Lower-middle-income countries,,2014,203,225,50,262,59,32,204,7
Lower-middle-income countries,,2015,151,207,33,205,42,31,148,1
Lower-middle-income countries,,2016,117,82,13,85,31,17,81,4
Lower-middle-income countries,,2017,100,68,7,141,36,21,54,4
Lower-middle-income countries,,2018,89,66,15,93,19,10,70,2
Lower-middle-income countries,,2019,56,25,5,45,13,13,31,6
Lower-middle-income countries,,2020,28,5,6,14,10,6,21,8
Lower-middle-income countries,,2021,5,,1,3,1,2,9,
Luxembourg,LUX,2005,1,,,,,,,
Luxembourg,LUX,2010,1,,,1,1,1,2,
Luxembourg,LUX,2012,3,2,2,,,,,
Luxembourg,LUX,2013,1,,,,1,,1,
Luxembourg,LUX,2015,5,2,,2,1,,3,
Luxembourg,LUX,2016,3,,1,,,,1,
Luxembourg,LUX,2017,6,2,,,,,1,
Luxembourg,LUX,2018,6,1,,6,2,,,
Luxembourg,LUX,2019,3,,,1,,,,
Luxembourg,LUX,2021,1,,,,1,1,,
Luxembourg,LUX,2001,,2,,,,,,
Luxembourg,LUX,2011,,1,,1,,1,4,
Luxembourg,LUX,2014,,2,,,1,1,2,
Luxembourg,LUX,2020,,4,2,5,,1,1,
Luxembourg,LUX,2002,,,,1,,,1,
Luxembourg,LUX,2009,,,,2,,,2,
Luxembourg,LUX,2007,,,,,1,,,
Luxembourg,LUX,2000,,,,,,,2,
Luxembourg,LUX,2008,,,,,,,1,
Malaysia,MYS,2000,1,3,,,2,,,
Malaysia,MYS,2001,2,,,,,,4,
Malaysia,MYS,2002,4,,,,3,,2,
Malaysia,MYS,2003,2,1,1,,2,,7,
Malaysia,MYS,2004,1,5,2,4,1,1,5,
Malaysia,MYS,2005,5,2,,6,1,1,12,
Malaysia,MYS,2006,9,1,3,1,,1,30,
Malaysia,MYS,2007,29,3,2,8,6,5,47,
Malaysia,MYS,2008,18,4,3,7,8,7,65,
Malaysia,MYS,2009,22,4,3,6,13,10,54,1
Malaysia,MYS,2010,56,9,5,19,6,4,77,
Malaysia,MYS,2011,68,14,7,8,3,2,79,
Malaysia,MYS,2012,53,8,6,12,6,5,39,
Malaysia,MYS,2013,21,1,1,3,,1,12,
Malaysia,MYS,2014,1,,,,,,6,
Malaysia,MYS,2015,,,,,,,2,
Mexico,MEX,2000,7,16,3,13,7,4,24,
Mexico,MEX,2001,10,11,5,21,,4,25,1
Mexico,MEX,2002,14,30,12,38,5,3,29,
Mexico,MEX,2003,6,7,13,16,5,1,19,
Mexico,MEX,2004,12,17,7,12,6,6,29,
Mexico,MEX,2005,32,29,12,44,4,4,47,2
Mexico,MEX,2006,30,43,4,41,7,11,45,1
Mexico,MEX,2007,74,54,27,89,10,15,128,
Mexico,MEX,2008,93,72,26,72,17,17,117,
Mexico,MEX,2009,81,92,27,81,18,15,185,3
Mexico,MEX,2010,126,135,30,85,20,19,174,3
Mexico,MEX,2011,90,134,22,72,18,14,204,6
Mexico,MEX,2012,114,131,28,102,15,16,158,6
Mexico,MEX,2013,103,85,16,129,15,13,114,6
Mexico,MEX,2014,110,81,30,111,18,9,119,2
Mexico,MEX,2015,126,86,21,70,22,16,93,5
Mexico,MEX,2016,104,75,17,82,8,10,56,5
Mexico,MEX,2017,96,51,29,43,7,8,75,2
Mexico,MEX,2018,29,23,6,24,3,1,23,2
Mexico,MEX,2019,6,3,,3,,,1,3
Moldova,MDA,2003,1,5,,3,3,,,
Moldova,MDA,2005,1,1,,4,11,4,1,
Moldova,MDA,2007,1,3,,20,,,,
Moldova,MDA,2008,2,7,,12,3,2,2,
Moldova,MDA,2009,3,12,,9,,,1,
Moldova,MDA,2010,1,2,1,5,,1,1,
Moldova,MDA,2011,3,,,,,,3,
Moldova,MDA,2013,2,,,3,1,2,1,
Moldova,MDA,2014,2,2,,,,,8,
Moldova,MDA,2015,2,5,,3,1,2,7,
Moldova,MDA,2016,1,1,,7,,2,1,
Moldova,MDA,2018,3,3,1,3,1,,1,
Moldova,MDA,2020,3,2,2,2,,,,
Moldova,MDA,2001,,5,,12,8,,,
Moldova,MDA,2002,,7,,6,1,,3,
Moldova,MDA,2004,,4,,6,,,2,
Moldova,MDA,2006,,1,,3,,1,3,
Moldova,MDA,2019,,1,,2,,,1,
Moldova,MDA,2012,,,1,8,5,3,5,
Moldova,MDA,2000,,,,5,1,,,
Moldova,MDA,2017,,,,1,,3,2,
Monaco,MCO,2015,1,,,,,,,
Monaco,MCO,2002,,1,,,,,,
Monaco,MCO,2007,,1,,,,,,
Monaco,MCO,2010,,,,,,1,,
Montenegro,MNE,2007,2,2,2,1,1,,,
Montenegro,MNE,2012,1,,,13,2,,2,
Montenegro,MNE,2009,,,1,2,,,,
Montenegro,MNE,2011,,,5,6,,,2,
Montenegro,MNE,2003,,,,1,,,,
Montenegro,MNE,2005,,,,2,1,1,2,
Montenegro,MNE,2013,,,,6,,,,
Montenegro,MNE,2010,,,,,,,1,
Morocco,MAR,2000,1,1,,1,2,,,
Morocco,MAR,2003,2,2,1,16,,,2,
Morocco,MAR,2005,1,2,,3,3,3,4,
Morocco,MAR,2006,2,3,3,5,3,4,,
Morocco,MAR,2007,2,6,1,10,1,2,2,1
Morocco,MAR,2008,7,26,6,10,1,2,4,
Morocco,MAR,2009,13,24,1,6,3,5,6,
Morocco,MAR,2010,11,39,6,19,4,1,13,1
Morocco,MAR,2011,24,77,8,21,6,9,12,1
Morocco,MAR,2012,30,83,7,12,2,4,10,
Morocco,MAR,2013,25,104,7,15,2,6,8,
Morocco,MAR,2014,19,71,5,13,5,4,7,
Morocco,MAR,2015,42,99,3,35,1,3,10,
Morocco,MAR,2016,35,42,6,18,1,2,6,
Morocco,MAR,2017,33,24,3,30,3,4,5,2
Morocco,MAR,2018,41,34,7,27,3,1,5,1
Morocco,MAR,2019,24,16,1,12,5,3,1,
Morocco,MAR,2001,,2,,5,,,1,
Morocco,MAR,2002,,1,1,6,1,1,,
Morocco,MAR,2020,,,1,1,,1,,
Morocco,MAR,2004,,,,15,1,,,
Netherlands,NLD,2000,8,20,3,21,1,4,3,5
Netherlands,NLD,2001,18,24,5,14,1,1,3,4
Netherlands,NLD,2002,19,10,1,21,2,2,6,
Netherlands,NLD,2003,8,8,2,16,2,1,6,1
Netherlands,NLD,2004,5,18,4,7,4,2,7,3
Netherlands,NLD,2005,18,25,1,8,1,,3,5
Netherlands,NLD,2006,13,13,1,18,1,3,30,
Netherlands,NLD,2007,8,18,5,10,3,1,9,
Netherlands,NLD,2008,14,31,4,16,5,7,21,5
Netherlands,NLD,2009,31,46,8,42,10,9,19,2
Netherlands,NLD,2010,43,32,7,22,5,2,15,4
Netherlands,NLD,2011,50,35,5,31,1,1,21,3
Netherlands,NLD,2012,35,18,5,23,5,5,16,2
Netherlands,NLD,2013,55,34,5,24,3,4,2,1
Netherlands,NLD,2014,58,29,1,19,5,3,6,2
Netherlands,NLD,2015,20,11,5,18,11,5,10,2
Netherlands,NLD,2016,35,10,8,28,4,4,5,1
Netherlands,NLD,2017,44,20,4,58,2,,7,1
Netherlands,NLD,2018,31,14,7,37,,1,11,4
Netherlands,NLD,2019,40,17,11,29,1,,9,2
Netherlands,NLD,2020,13,8,3,10,1,,6,2
Netherlands,NLD,2021,,2,1,1,,1,,
New Zealand,NZL,2000,3,1,3,19,5,2,8,
New Zealand,NZL,2001,1,1,4,30,1,3,13,4
New Zealand,NZL,2002,2,13,6,61,4,6,20,2
New Zealand,NZL,2004,4,19,7,35,10,13,13,
New Zealand,NZL,2005,7,15,9,33,4,4,21,1
New Zealand,NZL,2006,2,20,8,27,11,20,55,
New Zealand,NZL,2007,5,12,9,44,15,22,82,
New Zealand,NZL,2008,3,10,6,37,18,26,65,
New Zealand,NZL,2009,7,21,14,61,23,32,152,8
New Zealand,NZL,2010,15,9,7,86,14,28,121,2
New Zealand,NZL,2011,11,16,12,86,15,17,86,2
New Zealand,NZL,2012,19,28,10,65,12,13,112,7
New Zealand,NZL,2013,11,6,6,81,15,14,51,8
New Zealand,NZL,2014,21,14,16,72,8,8,36,1
New Zealand,NZL,2015,5,2,3,6,2,,8,1
New Zealand,NZL,2016,6,4,7,5,4,1,4,4
New Zealand,NZL,2017,9,,,6,2,2,4,1
New Zealand,NZL,2018,2,,,4,,,1,
New Zealand,NZL,2019,4,1,,,1,,1,2
New Zealand,NZL,2003,,4,5,25,5,8,7,
Nicaragua,NIC,2018,1,,,,,,,
Nicaragua,NIC,2011,,1,2,,,,3,
Nicaragua,NIC,2013,,2,2,3,,,2,
Nicaragua,NIC,2006,,,1,,,,,
Nicaragua,NIC,2010,,,2,,1,1,4,1
Nicaragua,NIC,2016,,,2,1,,,,
Nicaragua,NIC,2007,,,,3,1,,3,
Nicaragua,NIC,2009,,,,2,1,2,3,
Nicaragua,NIC,2012,,,,2,,,1,
Nicaragua,NIC,2017,,,,,1,,,
Nicaragua,NIC,2015,,,,,,1,,
Nicaragua,NIC,2019,,,,,,,,1
North America,,2000,484,200,85,226,70,41,290,10
North America,,2001,685,232,121,286,54,57,404,14
North America,,2002,636,286,121,403,83,58,448,23
North America,,2003,717,325,177,477,100,71,408,28
North America,,2004,1052,384,156,618,146,106,586,21
North America,,2005,1285,416,183,778,147,155,720,43
North America,,2006,1554,556,209,813,159,179,930,83
North America,,2007,2049,773,310,1264,226,257,1411,85
North America,,2008,2867,1012,321,1679,305,298,1725,102
North America,,2009,4084,1431,412,2264,377,403,1981,155
North America,,2010,5146,1832,538,2691,387,384,2206,133
North America,,2011,5509,1810,485,2602,361,332,2435,168
North America,,2012,5229,1552,436,2442,383,322,2332,131
North America,,2013,4833,1438,486,2303,375,268,2286,135
North America,,2014,4814,1247,488,2079,322,276,2093,111
North America,,2015,4758,1125,451,1891,291,251,1788,82
North America,,2016,4721,977,453,1838,263,243,1593,92
North America,,2017,4762,813,439,1980,254,237,1361,78
North America,,2018,4459,697,395,1928,213,172,1166,111
North America,,2019,3973,523,323,1323,173,154,941,99
North America,,2020,2615,365,212,754,115,92,558,54
North America,,2021,906,192,99,286,38,37,267,21
Norway,NOR,2000,7,9,1,16,9,6,9,1
Norway,NOR,2001,6,2,1,25,8,5,8,
Norway,NOR,2002,3,2,1,28,3,13,14,1
Norway,NOR,2003,2,12,2,51,12,11,19,1
Norway,NOR,2004,7,1,1,42,16,16,14,
Norway,NOR,2005,5,6,3,42,14,19,20,3
Norway,NOR,2006,7,7,6,34,15,28,20,2
Norway,NOR,2007,12,2,3,56,21,23,49,1
Norway,NOR,2008,13,4,2,45,28,32,20,2
Norway,NOR,2009,14,7,5,50,22,27,27,
Norway,NOR,2010,6,9,1,26,8,11,12,3
Norway,NOR,2011,4,10,4,30,9,16,19,3
Norway,NOR,2012,6,8,1,22,12,7,13,3
Norway,NOR,2013,4,3,2,12,8,7,18,
Norway,NOR,2014,6,7,4,12,7,13,21,3
Norway,NOR,2015,4,2,2,20,9,10,4,1
Norway,NOR,2016,3,4,2,8,8,9,8,1
Norway,NOR,2017,4,5,1,13,7,10,9,1
Norway,NOR,2019,2,4,3,29,3,3,6,1
Norway,NOR,2020,4,4,,12,1,7,6,2
Norway,NOR,2021,,2,,5,,,,
Norway,NOR,2018,,,,10,12,10,8,1
Oceania,,2000,148,88,47,173,46,29,147,7
Oceania,,2001,197,144,61,221,20,29,172,17
Oceania,,2002,161,126,45,232,25,24,143,6
Oceania,,2003,318,144,83,289,55,50,212,9
Oceania,,2004,122,111,37,167,33,44,97,1
Oceania,,2005,113,81,45,149,25,34,112,3
Oceania,,2006,138,126,41,138,34,58,185,4
Oceania,,2007,211,155,53,216,53,85,292,9
Oceania,,2008,224,204,62,261,76,88,295,9
Oceania,,2009,324,279,83,332,75,112,439,24
Oceania,,2010,399,367,87,438,78,105,469,15
Oceania,,2011,353,322,70,324,71,78,424,16
Oceania,,2012,303,264,66,287,71,86,379,26
Oceania,,2013,288,201,76,325,88,81,332,26
Oceania,,2014,240,151,76,290,41,57,257,5
Oceania,,2015,311,158,66,156,31,43,202,9
Oceania,,2016,292,155,69,105,45,43,158,14
Oceania,,2017,292,114,62,189,36,60,197,8
Oceania,,2018,360,139,61,228,23,38,139,10
Oceania,,2019,360,116,46,156,31,30,154,13
Oceania,,2020,207,66,38,71,15,22,84,2
Oceania,,2021,144,47,32,49,8,17,37,6
Panama,PAN,2009,,,1,,,,1,
Panama,PAN,2002,,,,1,,,,
Panama,PAN,2001,,,,,1,,,
Panama,PAN,2003,,,,,1,,,
Panama,PAN,2004,,,,,1,,2,
Panama,PAN,2005,,,,,1,,,
Panama,PAN,2006,,,,,,,1,
Panama,PAN,2007,,,,,,,1,
Panama,PAN,2008,,,,,,,3,
Peru,PER,2003,1,,,3,4,1,,
Peru,PER,2006,2,3,,1,2,2,3,
Peru,PER,2008,5,5,1,5,7,3,12,
Peru,PER,2010,4,11,1,8,10,7,14,
Peru,PER,2011,6,13,3,7,10,6,14,1
Peru,PER,2012,5,8,3,10,10,2,9,2
Peru,PER,2013,1,2,5,6,2,3,5,
Peru,PER,2014,5,7,2,1,5,3,6,
Peru,PER,2015,5,12,1,3,4,1,5,
Peru,PER,2016,7,9,1,2,2,2,7,
Peru,PER,2017,3,5,3,3,4,4,6,1
Peru,PER,2018,3,9,1,2,1,3,1,1
Peru,PER,2019,9,5,2,10,11,3,4,3
Peru,PER,2020,1,,,1,2,1,,1
Peru,PER,2005,,2,,,,,7,
Peru,PER,2007,,1,3,,1,,11,
Peru,PER,2009,,3,4,2,8,3,11,1
Peru,PER,2000,,,2,3,2,1,6,
Peru,PER,2001,,,3,1,1,1,3,
Peru,PER,2002,,,2,1,2,,,
Peru,PER,2004,,,,1,1,,6,
Peru,PER,2021,,,,,1,,,
Philippines,PHL,2013,2,3,,5,1,3,3,1
Philippines,PHL,2014,19,10,5,17,5,4,44,4
Philippines,PHL,2015,26,17,20,37,13,13,65,1
Philippines,PHL,2016,59,5,3,25,13,9,50,4
Philippines,PHL,2017,37,7,3,29,14,12,34,2
Philippines,PHL,2018,33,15,7,27,7,7,53,1
Philippines,PHL,2019,30,7,3,14,7,9,28,5
Philippines,PHL,2020,27,4,5,13,10,5,21,8
Philippines,PHL,2021,5,,1,3,1,2,9,
Philippines,PHL,2012,,1,,,2,,,
Philippines,PHL,2005,,,,,,,2,
Philippines,PHL,2007,,,,,,,1,
Philippines,PHL,2008,,,,,,,1,
Philippines,PHL,2011,,,,,,,1,
Poland,POL,2000,7,16,1,12,10,,25,
Poland,POL,2001,1,11,1,32,2,,27,2
Poland,POL,2003,5,11,3,54,5,,23,
Poland,POL,2004,5,32,6,56,10,2,32,2
Poland,POL,2005,14,36,12,62,13,7,52,3
Poland,POL,2006,9,25,13,55,14,8,52,5
Poland,POL,2007,13,26,8,75,10,1,90,3
Poland,POL,2008,40,47,14,79,21,9,114,10
Poland,POL,2009,27,50,8,125,21,7,138,12
Poland,POL,2010,46,89,18,119,22,13,132,11
Poland,POL,2011,55,71,24,189,17,6,142,10
Poland,POL,2012,62,75,20,156,19,4,155,5
Poland,POL,2013,61,69,10,161,40,11,156,17
Poland,POL,2014,77,62,8,123,21,7,104,7
Poland,POL,2015,73,45,11,95,27,11,86,14
Poland,POL,2016,70,47,17,110,20,7,61,12
Poland,POL,2017,41,23,12,71,16,2,45,15
Poland,POL,2018,68,42,11,47,8,,47,20
Poland,POL,2019,56,25,6,28,10,2,17,3
Poland,POL,2020,15,10,,15,6,1,16,
Poland,POL,2021,4,1,,,,,,
Poland,POL,2002,,16,6,64,13,,22,
Portugal,PRT,2000,5,9,2,38,8,6,20,1
Portugal,PRT,2001,6,13,4,44,2,7,17,1
Portugal,PRT,2002,13,22,4,98,7,11,12,3
Portugal,PRT,2003,7,9,3,56,7,4,14,1
Portugal,PRT,2004,11,23,6,44,6,14,15,2
Portugal,PRT,2005,15,26,5,37,6,16,20,2
Portugal,PRT,2006,13,25,8,41,7,12,20,2
Portugal,PRT,2007,23,26,8,27,4,16,32,2
Portugal,PRT,2008,41,48,10,44,11,23,33,1
Portugal,PRT,2009,35,69,15,61,16,23,43,2
Portugal,PRT,2010,42,55,13,55,14,39,34,
Portugal,PRT,2011,32,55,13,69,16,24,49,5
Portugal,PRT,2012,34,42,8,124,14,18,41,
Portugal,PRT,2013,28,31,9,113,11,17,30,
Portugal,PRT,2014,28,33,5,101,18,23,35,
Portugal,PRT,2015,38,38,11,47,13,14,25,
Portugal,PRT,2016,30,32,8,57,7,7,23,1
Portugal,PRT,2017,22,13,2,35,10,17,7,
Portugal,PRT,2018,9,4,5,9,2,5,5,3
Portugal,PRT,2019,4,4,,2,2,4,1,
Portugal,PRT,2020,1,,,,,,1,
Romania,ROU,2006,1,1,,10,3,2,7,
Romania,ROU,2007,1,11,,3,3,2,1,1
Romania,ROU,2008,2,14,,21,12,1,8,2
Romania,ROU,2009,1,19,2,32,13,5,6,1
Romania,ROU,2010,1,27,2,19,14,7,6,
Romania,ROU,2011,5,38,1,43,20,2,10,2
Romania,ROU,2012,4,18,1,21,10,3,3,
Romania,ROU,2013,6,15,1,22,14,2,9,1
Romania,ROU,2015,5,16,1,11,11,4,4,
Romania,ROU,2016,2,9,2,14,12,6,9,
Romania,ROU,2017,4,11,1,14,5,2,3,2
Romania,ROU,2018,10,9,2,8,7,2,2,
Romania,ROU,2019,4,5,2,11,5,1,6,
Romania,ROU,2020,1,,,4,2,6,,
Romania,ROU,2021,3,1,1,1,,,3,
Romania,ROU,2000,,6,,3,5,1,,
Romania,ROU,2001,,4,,3,2,1,,1
Romania,ROU,2002,,5,1,,1,3,3,
Romania,ROU,2003,,4,,1,2,,,
Romania,ROU,2004,,3,,2,2,,1,1
Romania,ROU,2005,,10,,10,3,3,1,
Romania,ROU,2014,,16,,28,9,2,8,
Russia,RUS,2000,7,47,4,49,28,8,56,1
Russia,RUS,2001,12,38,4,76,35,3,41,5
Russia,RUS,2002,19,36,8,88,41,9,47,1
Russia,RUS,2003,23,43,5,121,67,4,44,
Russia,RUS,2004,19,32,3,94,58,10,69,1
Russia,RUS,2005,28,51,4,122,57,16,48,4
Russia,RUS,2006,35,59,9,146,61,18,77,5
Russia,RUS,2007,58,70,6,182,72,26,126,7
Russia,RUS,2008,76,64,15,226,92,34,128,5
Russia,RUS,2009,83,85,15,257,101,32,181,7
Russia,RUS,2010,93,126,19,243,73,32,181,18
Russia,RUS,2011,88,71,17,293,85,24,187,19
Russia,RUS,2012,104,86,20,319,98,35,171,7
Russia,RUS,2013,104,80,18,242,84,29,175,19
Russia,RUS,2014,87,91,16,252,93,25,162,11
Russia,RUS,2015,102,57,16,148,83,32,140,10
Russia,RUS,2016,98,48,11,170,78,19,116,17
Russia,RUS,2017,99,35,7,233,58,26,109,12
Russia,RUS,2018,101,36,12,147,45,21,116,17
Russia,RUS,2019,73,38,4,106,453,16,64,6
Russia,RUS,2020,56,26,1,75,2042,13,33,3
Russia,RUS,2021,13,6,,19,8,5,2,1
San Marino,SMR,2006,1,,,,,,,
San Marino,SMR,2009,6,1,,,,1,,
San Marino,SMR,2010,2,,,,,,,
San Marino,SMR,2011,2,,2,,2,2,2,
San Marino,SMR,2013,1,2,,2,,,,
San Marino,SMR,2016,1,,,4,,,2,1
San Marino,SMR,2008,,4,1,,,,,
San Marino,SMR,2007,,,1,,,,1,
San Marino,SMR,2014,,,,1,,,,
San Marino,SMR,2015,,,,,1,1,,
Saudi Arabia,SAU,2008,2,,1,1,,,2,
Saudi Arabia,SAU,2009,4,,1,,,,,
Saudi Arabia,SAU,2011,2,5,2,,,,,
Saudi Arabia,SAU,2012,6,12,,,,,5,
Saudi Arabia,SAU,2013,2,2,,,1,,,
Saudi Arabia,SAU,2014,1,7,,,,,,
Saudi Arabia,SAU,2015,23,28,,2,4,4,7,2
Saudi Arabia,SAU,2016,35,20,2,,1,1,4,
Saudi Arabia,SAU,2017,17,7,4,2,1,1,2,
Saudi Arabia,SAU,2005,,1,,2,1,1,,
Saudi Arabia,SAU,2010,,2,2,1,,,,
Saudi Arabia,SAU,2018,,2,1,,,,1,
Saudi Arabia,SAU,2000,,,1,,,,2,
Saudi Arabia,SAU,2006,,,1,,,,,
Serbia,SRB,2008,2,3,,5,4,1,4,
Serbia,SRB,2010,2,7,1,12,6,3,1,
Serbia,SRB,2011,6,2,10,23,5,3,16,2
Serbia,SRB,2012,5,4,3,35,9,2,12,
Serbia,SRB,2013,2,3,2,6,4,1,10,
Serbia,SRB,2014,4,5,1,9,5,1,6,
Serbia,SRB,2015,7,,,4,1,1,14,
Serbia,SRB,2016,9,5,4,13,2,1,8,
Serbia,SRB,2017,3,2,,7,4,2,3,
Serbia,SRB,2020,1,1,,,2,,,
Serbia,SRB,2006,,1,1,3,4,1,,
Serbia,SRB,2007,,7,,2,4,4,4,
Serbia,SRB,2009,,3,1,1,4,1,6,
Serbia,SRB,2018,,1,1,9,2,,3,
Serbia,SRB,2005,,,,2,1,1,3,1
Serbia,SRB,2019,,,,1,,,,1
Serbia,SRB,2021,,,,,1,,,
Singapore,SGP,2000,3,,,,,,2,
Singapore,SGP,2001,2,,,,1,,,
Singapore,SGP,2002,8,,2,,,,2,
Singapore,SGP,2004,3,,2,,1,,2,
Singapore,SGP,2005,6,1,2,5,2,2,8,1
Singapore,SGP,2006,4,1,4,,,,9,1
Singapore,SGP,2007,28,8,5,10,3,2,20,1
Singapore,SGP,2008,29,4,2,7,1,1,20,
Singapore,SGP,2009,36,9,9,17,7,9,45,2
Singapore,SGP,2010,117,8,16,33,6,8,101,4
Singapore,SGP,2011,133,13,19,28,9,9,101,1
Singapore,SGP,2012,102,18,20,35,16,17,84,2
Singapore,SGP,2013,118,11,25,37,9,6,73,4
Singapore,SGP,2014,78,16,43,53,9,10,95,5
Singapore,SGP,2015,107,15,11,24,5,7,46,3
Singapore,SGP,2016,42,14,7,10,4,7,36,1
Singapore,SGP,2017,43,7,9,15,6,12,34,
Singapore,SGP,2018,52,6,10,22,3,2,67,2
Singapore,SGP,2019,30,3,8,19,7,6,38,4
Singapore,SGP,2020,8,4,3,9,,1,8,1
Singapore,SGP,2021,1,,2,,,,,
Singapore,SGP,2003,,,2,,,1,2,
Slovakia,SVK,2000,2,,,,1,,7,
Slovakia,SVK,2001,1,2,,4,,,4,1
Slovakia,SVK,2002,1,3,2,6,1,,1,
Slovakia,SVK,2007,2,3,,2,6,,,
Slovakia,SVK,2010,4,4,1,3,5,1,,1
Slovakia,SVK,2011,4,6,2,4,6,,1,
Slovakia,SVK,2012,2,11,1,1,2,,,1
Slovakia,SVK,2013,5,9,,4,7,,3,2
Slovakia,SVK,2014,4,6,,7,3,,7,
Slovakia,SVK,2015,5,3,1,5,10,1,3,2
Slovakia,SVK,2016,6,3,,7,2,,4,
Slovakia,SVK,2017,2,2,,4,,,7,1
Slovakia,SVK,2018,6,4,2,8,5,,3,
Slovakia,SVK,2019,12,7,,9,,,2,1
Slovakia,SVK,2020,10,6,,7,4,,1,
Slovakia,SVK,2021,2,1,,,,,,
Slovakia,SVK,2003,,1,,,,,2,
Slovakia,SVK,2004,,3,1,2,,,2,
Slovakia,SVK,2005,,2,,,,,3,
Slovakia,SVK,2006,,3,,2,,1,5,
Slovakia,SVK,2008,,7,,1,4,,1,
Slovakia,SVK,2009,,18,,5,6,2,,
Slovenia,SVN,2001,1,,,4,2,,3,1
Slovenia,SVN,2003,6,5,4,22,6,,13,
Slovenia,SVN,2004,4,12,5,27,2,1,9,
Slovenia,SVN,2005,2,5,2,8,2,2,15,
Slovenia,SVN,2006,1,7,3,7,4,3,16,
Slovenia,SVN,2007,6,18,9,14,4,,21,1
Slovenia,SVN,2008,12,10,3,21,5,1,15,2
Slovenia,SVN,2009,9,14,6,13,7,1,33,2
Slovenia,SVN,2010,10,24,4,21,4,1,27,2
Slovenia,SVN,2011,9,10,11,27,6,3,20,3
Slovenia,SVN,2012,15,16,6,28,6,1,23,
Slovenia,SVN,2013,4,6,4,2,11,3,22,
Slovenia,SVN,2014,11,11,2,7,2,1,6,
Slovenia,SVN,2015,11,11,2,3,1,1,14,
Slovenia,SVN,2016,12,4,4,10,4,2,10,
Slovenia,SVN,2017,5,5,1,4,3,,1,
Slovenia,SVN,2018,2,,1,2,2,1,2,
Slovenia,SVN,2019,2,3,3,1,1,1,,
Slovenia,SVN,2002,,2,,6,3,,3,
Slovenia,SVN,2000,,,,1,1,,5,
Slovenia,SVN,2021,,,,1,,,,
South Africa,ZAF,2000,6,5,1,1,1,1,3,
South Africa,ZAF,2001,4,2,3,5,2,1,16,
South Africa,ZAF,2002,2,14,5,16,2,2,9,
South Africa,ZAF,2003,6,4,2,31,1,1,15,1
South Africa,ZAF,2004,10,16,5,21,2,4,26,
South Africa,ZAF,2005,8,21,12,30,2,6,37,1
South Africa,ZAF,2006,6,12,7,12,3,8,21,
South Africa,ZAF,2007,13,18,10,20,6,12,36,
South Africa,ZAF,2008,21,36,9,21,5,10,38,
South Africa,ZAF,2009,22,24,7,38,8,17,45,
South Africa,ZAF,2010,45,59,20,48,14,18,116,
South Africa,ZAF,2011,62,119,15,38,19,28,134,2
South Africa,ZAF,2012,93,104,11,73,7,9,123,3
South Africa,ZAF,2013,64,115,20,69,9,16,103,2
South Africa,ZAF,2014,64,113,13,88,16,13,80,3
South Africa,ZAF,2015,50,79,7,85,10,12,54,1
South Africa,ZAF,2016,36,24,7,39,5,7,115,1
South Africa,ZAF,2017,26,40,15,25,6,8,40,1
South Africa,ZAF,2018,46,41,15,23,5,4,41,2
South Africa,ZAF,2019,36,20,8,28,6,9,19,1
South Africa,ZAF,2020,12,19,3,12,1,4,14,1
South Africa,ZAF,2021,4,,,,2,1,,1
South America,,2000,16,29,8,57,30,8,73,1
South America,,2001,14,68,14,65,34,4,49,1
South America,,2002,12,47,12,135,36,3,47,
South America,,2003,15,26,14,91,44,8,67,1
South America,,2004,16,48,13,106,42,12,83,4
South America,,2005,36,62,9,108,40,15,125,4
South America,,2006,61,79,15,104,44,34,215,3
South America,,2007,83,96,42,169,58,45,381,
South America,,2008,115,103,49,162,75,58,496,1
South America,,2009,138,128,56,302,129,72,557,3
South America,,2010,180,181,55,339,96,71,557,6
South America,,2011,208,239,51,351,99,72,672,9
South America,,2012,192,196,59,392,113,55,646,15
South America,,2013,162,163,56,387,101,67,470,15
South America,,2014,148,138,47,316,86,49,330,3
South America,,2015,146,149,46,333,76,35,318,5
South America,,2016,180,104,25,337,56,41,267,8
South America,,2017,179,95,48,272,65,30,255,6
South America,,2018,162,84,24,263,43,22,218,7
South America,,2019,175,109,30,163,61,26,205,17
South America,,2020,53,38,8,32,23,18,37,11
South America,,2021,22,22,4,5,8,4,18,1
South Korea,KOR,2000,182,60,18,117,58,27,157,5
South Korea,KOR,2001,218,57,21,143,76,21,175,3
South Korea,KOR,2002,179,70,15,150,71,23,203,4
South Korea,KOR,2003,255,82,19,197,63,24,228,9
South Korea,KOR,2004,421,129,17,216,128,36,240,16
South Korea,KOR,2005,572,140,32,257,161,62,275,22
South Korea,KOR,2006,778,206,66,295,135,74,361,48
South Korea,KOR,2007,1260,215,74,348,193,88,459,44
South Korea,KOR,2008,2330,409,161,741,311,176,611,74
South Korea,KOR,2009,3398,543,182,1183,412,269,733,116
South Korea,KOR,2010,3755,527,187,1214,346,254,782,109
South Korea,KOR,2011,4239,543,213,1412,373,250,787,98
South Korea,KOR,2012,3564,447,212,1425,354,225,763,70
South Korea,KOR,2013,3313,388,137,1056,276,203,811,88
South Korea,KOR,2014,2982,272,188,959,305,198,967,91
South Korea,KOR,2015,2515,168,142,555,217,174,752,78
South Korea,KOR,2016,3139,202,179,650,192,116,695,128
South Korea,KOR,2017,2915,151,102,728,203,132,655,100
South Korea,KOR,2018,3196,194,113,617,190,111,604,95
South Korea,KOR,2019,3023,153,65,549,194,82,643,99
South Korea,KOR,2020,1281,82,47,283,93,31,338,44
South Korea,KOR,2021,338,6,6,121,21,5,88,9
Spain,ESP,2000,48,41,12,79,21,17,60,4
Spain,ESP,2001,27,26,10,91,11,19,59,1
Spain,ESP,2002,47,65,8,166,16,15,59,2
Spain,ESP,2003,44,50,19,123,17,11,52,1
Spain,ESP,2004,68,91,17,165,12,20,69,5
Spain,ESP,2005,102,103,20,176,23,24,83,3
Spain,ESP,2006,115,134,21,203,23,26,82,3
Spain,ESP,2007,185,178,26,311,20,29,120,10
Spain,ESP,2008,239,249,37,342,26,43,158,6
Spain,ESP,2009,220,343,34,434,35,45,181,13
Spain,ESP,2010,248,313,42,480,44,48,178,5
Spain,ESP,2011,259,262,34,521,43,38,181,15
Spain,ESP,2012,238,252,32,512,54,35,158,2
Spain,ESP,2013,213,187,29,406,43,39,153,4
Spain,ESP,2014,199,165,20,444,45,43,106,2
Spain,ESP,2015,205,154,30,334,27,36,101,
Spain,ESP,2016,132,121,23,377,25,18,67,7
Spain,ESP,2017,126,70,14,300,26,18,56,4
Spain,ESP,2018,80,53,16,145,11,10,22,3
Spain,ESP,2019,51,39,6,58,13,6,10,2
Spain,ESP,2020,44,31,2,22,6,7,6,
Spain,ESP,2021,24,12,,8,5,3,3,
Sweden,SWE,2000,1,8,,8,3,,6,1
Sweden,SWE,2001,2,2,1,11,2,3,7,2
Sweden,SWE,2002,1,3,1,14,,3,10,2
Sweden,SWE,2003,6,3,,5,2,3,7,1
Sweden,SWE,2004,6,4,,6,2,2,10,2
Sweden,SWE,2006,4,6,,7,1,1,8,3
Sweden,SWE,2007,6,16,5,23,3,5,5,3
Sweden,SWE,2008,8,16,3,22,3,5,27,7
Sweden,SWE,2009,5,15,3,44,2,2,15,3
Sweden,SWE,2010,6,11,3,13,1,2,16,
Sweden,SWE,2011,2,8,3,15,1,3,21,2
Sweden,SWE,2012,8,4,3,9,4,1,5,4
Sweden,SWE,2013,9,12,1,14,4,3,9,
Sweden,SWE,2014,13,13,5,2,2,5,14,3
Sweden,SWE,2015,12,7,3,10,2,10,3,7
Sweden,SWE,2016,9,6,4,3,2,3,15,1
Sweden,SWE,2017,9,14,,7,2,1,23,3
Sweden,SWE,2018,9,10,2,10,3,3,13,2
Sweden,SWE,2019,11,5,3,10,3,2,10,3
Sweden,SWE,2020,3,3,1,,,1,8,
Sweden,SWE,2021,1,2,,,1,,,
Sweden,SWE,2005,,7,2,9,,1,6,3
Switzerland,CHE,2000,2,7,,1,,,,
Switzerland,CHE,2003,1,5,2,4,1,,2,
Switzerland,CHE,2004,1,1,1,,1,,4,
Switzerland,CHE,2006,4,6,1,4,3,1,2,2
Switzerland,CHE,2007,6,3,,1,,,6,
Switzerland,CHE,2008,12,16,,8,4,2,5,
Switzerland,CHE,2009,25,26,9,11,7,,3,1
Switzerland,CHE,2010,16,49,10,8,6,3,5,2
Switzerland,CHE,2011,25,33,7,10,6,2,7,2
Switzerland,CHE,2012,23,26,2,24,16,3,12,5
Switzerland,CHE,2013,23,19,4,8,8,2,9,1
Switzerland,CHE,2014,15,13,1,6,3,,6,3
Switzerland,CHE,2015,18,11,2,5,1,,2,2
Switzerland,CHE,2016,17,17,6,7,2,,1,3
Switzerland,CHE,2017,12,13,3,13,5,2,1,1
Switzerland,CHE,2018,5,6,2,11,2,1,3,1
Switzerland,CHE,2019,7,11,1,3,1,,4,
Switzerland,CHE,2020,10,5,2,,2,,8,
Switzerland,CHE,2021,2,1,,,,,1,
Switzerland,CHE,2001,,1,,,1,,,
Switzerland,CHE,2002,,1,1,1,,,3,
Switzerland,CHE,2005,,2,1,1,,,2,
Taiwan,TWN,2000,41,25,2,14,1,4,8,
Taiwan,TWN,2001,64,35,7,10,3,2,8,3
Taiwan,TWN,2002,85,11,2,16,8,1,15,4
Taiwan,TWN,2003,84,30,4,22,4,4,9,5
Taiwan,TWN,2004,98,33,4,43,13,3,29,3
Taiwan,TWN,2005,187,48,3,42,18,2,26,3
Taiwan,TWN,2006,289,104,15,83,20,13,32,1
Taiwan,TWN,2007,509,174,22,96,30,24,44,8
Taiwan,TWN,2008,867,213,26,170,39,23,44,2
Taiwan,TWN,2009,1203,225,26,191,47,34,55,10
Taiwan,TWN,2010,1492,277,22,165,45,35,62,5
Taiwan,TWN,2011,1611,203,32,202,52,27,72,5
Taiwan,TWN,2012,1444,186,26,162,47,42,54,11
Taiwan,TWN,2013,1264,158,18,169,37,29,40,4
Taiwan,TWN,2014,1131,117,21,204,42,31,47,3
Taiwan,TWN,2015,958,87,20,153,49,32,68,1
Taiwan,TWN,2016,781,79,27,154,60,36,34,5
Taiwan,TWN,2017,745,79,11,177,47,28,44,6
Taiwan,TWN,2018,604,74,8,168,43,25,33,8
Taiwan,TWN,2019,522,98,8,192,48,15,40,7
Taiwan,TWN,2020,281,42,3,99,28,9,13,4
Taiwan,TWN,2021,20,3,1,4,2,4,,
Tajikistan,TJK,2001,,2,,,,,,
Tajikistan,TJK,2005,,,,1,,,,
Tajikistan,TJK,2002,,,,,1,,,
Tunisia,TUN,2004,2,1,,,,,,
Tunisia,TUN,2005,1,2,,,,1,1,
Tunisia,TUN,2006,1,1,1,1,,,,
Tunisia,TUN,2007,4,2,,3,1,1,1,1
Tunisia,TUN,2008,7,19,5,13,,1,3,
Tunisia,TUN,2009,10,22,2,13,4,4,3,
Tunisia,TUN,2010,8,13,4,10,3,2,5,
Tunisia,TUN,2011,15,39,3,2,3,2,7,
Tunisia,TUN,2012,15,40,3,,,3,10,
Tunisia,TUN,2013,8,38,3,5,,1,1,
Tunisia,TUN,2014,8,19,3,12,2,1,3,
Tunisia,TUN,2015,9,25,,3,1,1,6,
Tunisia,TUN,2016,3,7,1,,1,1,4,
Tunisia,TUN,2017,5,9,,2,2,2,2,
Tunisia,TUN,2018,2,,,3,,2,1,
Tunisia,TUN,2019,2,,1,3,,1,2,
Tunisia,TUN,2001,,2,,,,,,
Tunisia,TUN,2003,,1,1,,,,,
Tunisia,TUN,2002,,,1,,,,,
Tunisia,TUN,2000,,,,,1,,2,
Turkey,TUR,2000,1,6,1,12,1,,9,
Turkey,TUR,2001,1,2,,9,1,,2,1
Turkey,TUR,2006,1,4,,7,3,2,1,
Turkey,TUR,2007,3,24,,7,7,2,6,
Turkey,TUR,2009,5,29,2,13,11,6,10,1
Turkey,TUR,2010,9,27,2,15,3,9,8,1
Turkey,TUR,2011,8,25,4,13,11,1,11,
Turkey,TUR,2012,7,16,1,18,6,1,9,
Turkey,TUR,2013,7,1,1,18,2,1,7,
Turkey,TUR,2014,13,7,1,26,3,1,3,1
Turkey,TUR,2015,15,6,3,6,7,4,8,
Turkey,TUR,2016,16,8,4,15,9,3,7,1
Turkey,TUR,2017,27,27,5,12,6,3,6,
Turkey,TUR,2018,8,12,1,12,5,2,,
Turkey,TUR,2019,9,5,,9,13,2,1,
Turkey,TUR,2020,11,10,,19,9,1,2,1
Turkey,TUR,2021,6,1,,7,3,2,,
Turkey,TUR,2002,,7,,4,,,,
Turkey,TUR,2003,,10,,,1,,,
Turkey,TUR,2004,,11,,2,,1,,
Turkey,TUR,2005,,10,,2,4,2,6,
Turkey,TUR,2008,,15,2,10,12,5,10,
Ukraine,UKR,2000,2,5,,3,,,9,
Ukraine,UKR,2001,3,2,,11,2,,3,
Ukraine,UKR,2003,6,18,1,62,11,5,13,
Ukraine,UKR,2004,3,6,,22,10,1,6,
Ukraine,UKR,2005,3,9,,46,16,2,23,1
Ukraine,UKR,2006,5,17,,59,18,4,20,
Ukraine,UKR,2007,4,21,1,77,25,6,35,
Ukraine,UKR,2008,5,16,2,51,30,6,21,
Ukraine,UKR,2009,5,32,3,81,25,2,87,1
Ukraine,UKR,2010,12,52,4,75,24,4,85,
Ukraine,UKR,2011,9,36,5,66,22,4,44,
Ukraine,UKR,2012,17,15,3,71,24,11,44,1
Ukraine,UKR,2013,19,41,1,72,9,3,31,2
Ukraine,UKR,2014,25,41,7,57,21,5,33,
Ukraine,UKR,2015,26,33,3,48,18,1,25,
Ukraine,UKR,2016,20,28,,41,16,5,21,
Ukraine,UKR,2017,25,27,,80,15,3,11,
Ukraine,UKR,2018,11,17,1,36,9,,11,
Ukraine,UKR,2020,1,1,,,,,,
Ukraine,UKR,2002,,2,,7,6,1,8,
Ukraine,UKR,2019,,2,,16,1,,,
United Kingdom,GBR,2000,16,17,7,29,1,12,17,
United Kingdom,GBR,2001,23,19,6,54,5,13,27,
United Kingdom,GBR,2002,39,16,5,39,13,26,35,2
United Kingdom,GBR,2003,26,21,10,48,10,32,30,1
United Kingdom,GBR,2004,23,31,7,63,17,38,16,2
United Kingdom,GBR,2005,76,44,17,82,33,45,25,3
United Kingdom,GBR,2006,73,56,17,123,31,63,37,5
United Kingdom,GBR,2007,87,92,33,166,48,69,68,18
United Kingdom,GBR,2008,112,121,47,240,65,94,83,18
United Kingdom,GBR,2009,132,102,49,227,48,96,68,9
United Kingdom,GBR,2010,147,111,58,238,88,105,67,6
United Kingdom,GBR,2011,147,85,36,226,68,104,66,6
United Kingdom,GBR,2012,162,85,35,153,42,71,57,10
United Kingdom,GBR,2013,116,65,29,134,48,79,45,8
United Kingdom,GBR,2014,137,83,20,135,43,65,55,7
United Kingdom,GBR,2015,81,54,21,162,31,59,58,7
United Kingdom,GBR,2016,93,49,21,95,28,55,44,7
United Kingdom,GBR,2017,104,53,16,122,19,40,36,9
United Kingdom,GBR,2018,96,21,12,94,14,18,35,5
United Kingdom,GBR,2019,88,29,14,103,10,26,37,11
United Kingdom,GBR,2020,50,25,7,83,13,19,23,3
United Kingdom,GBR,2021,3,2,1,7,2,3,6,
United States,USA,2000,436,145,66,132,37,24,161,10
United States,USA,2001,620,197,94,188,41,37,280,8
United States,USA,2002,555,203,74,248,54,37,288,21
United States,USA,2003,653,282,122,321,67,53,290,25
United States,USA,2004,961,286,115,451,104,65,425,19
United States,USA,2005,1164,347,136,581,111,108,500,29
United States,USA,2006,1418,437,165,588,110,114,654,67
United States,USA,2007,1804,617,227,914,156,173,891,68
United States,USA,2008,2553,821,232,1301,204,200,1230,79
United States,USA,2009,3729,1176,298,1752,255,267,1289,113
United States,USA,2010,4714,1492,428,2089,273,265,1499,101
United States,USA,2011,5141,1467,390,2072,264,246,1680,121
United States,USA,2012,4887,1275,338,1968,266,225,1712,111
United States,USA,2013,4515,1246,395,1774,260,193,1740,105
United States,USA,2014,4519,1063,365,1633,227,210,1602,95
United States,USA,2015,4439,947,368,1521,215,180,1401,63
United States,USA,2016,4436,832,380,1458,208,183,1308,73
United States,USA,2017,4480,697,352,1678,198,180,1062,55
United States,USA,2018,4234,607,336,1616,171,149,923,84
United States,USA,2019,3757,476,287,1171,138,125,756,69
United States,USA,2020,2541,342,191,677,97,80,491,43
United States,USA,2021,899,190,97,272,37,34,264,20
Upper-middle-income countries,,2000,141,564,57,232,145,36,289,17
Upper-middle-income countries,,2001,192,646,77,337,161,40,274,29
Upper-middle-income countries,,2002,283,897,98,490,194,38,327,40
Upper-middle-income countries,,2003,315,781,142,514,247,34,437,56
Upper-middle-income countries,,2004,485,985,121,649,263,135,555,35
Upper-middle-income countries,,2005,677,1114,205,940,308,142,743,54
Upper-middle-income countries,,2006,1112,1835,313,1196,378,197,1429,92
Upper-middle-income countries,,2007,1875,2143,409,1756,511,265,2017,111
Upper-middle-income countries,,2008,2670,3031,556,2360,639,322,2503,119
Upper-middle-income countries,,2009,4491,4044,835,3709,908,416,2782,231
Upper-middle-income countries,,2010,6881,5064,1178,4126,926,493,3282,197
Upper-middle-income countries,,2011,8140,5312,1228,4791,1261,565,3857,256
Upper-middle-income countries,,2012,8924,5968,1320,4890,1215,606,3999,286
Upper-middle-income countries,,2013,8473,5521,1297,4007,1172,624,3643,275
Upper-middle-income countries,,2014,10488,4665,1663,4119,1337,714,4041,295
Upper-middle-income countries,,2015,13326,5416,2128,4816,1653,675,4793,379
Upper-middle-income countries,,2016,17632,6212,2786,6361,1726,842,5689,619
Upper-middle-income countries,,2017,22331,6450,2227,8538,2035,860,5065,795
Upper-middle-income countries,,2018,25127,6447,1266,9094,1982,892,4158,692
Upper-middle-income countries,,2019,21446,7750,1246,8815,2600,883,3903,959
Upper-middle-income countries,,2020,26015,9878,1273,10856,4496,1061,3247,1018
Upper-middle-income countries,,2021,7537,2231,351,3855,894,383,938,195
Uruguay,URY,2012,2,3,4,3,,,13,
Uruguay,URY,2013,2,,,1,,1,3,
Uruguay,URY,2014,1,,,,,,7,
Uruguay,URY,2015,1,,,25,,,13,
Uruguay,URY,2018,1,,,2,,,2,
Uruguay,URY,2019,3,3,,,1,,11,
Uruguay,URY,2020,2,,,,3,1,3,
Uruguay,URY,2002,,2,,,,,,
Uruguay,URY,2003,,1,,,,,,
Uruguay,URY,2005,,3,,2,2,1,,
Uruguay,URY,2011,,5,,3,,,14,
Uruguay,URY,2017,,1,,1,,,5,
Uruguay,URY,2007,,,1,,1,2,7,
Uruguay,URY,2009,,,1,6,,,2,
Uruguay,URY,2004,,,,3,,,,
Uruguay,URY,2010,,,,3,1,1,9,
Uruguay,URY,2016,,,,21,,1,2,
Uruguay,URY,2006,,,,,1,1,4,
Uruguay,URY,2008,,,,,2,2,9,
Uruguay,URY,2000,,,,,,,1,
Vietnam,VNM,2010,,,,,,,2,
World,OWID_WRL,2000,3261,1954,552,1788,691,288,2287,128
World,OWID_WRL,2001,3373,2030,596,2280,616,299,2393,175
World,OWID_WRL,2002,3281,2309,547,2923,737,312,2601,223
World,OWID_WRL,2003,3646,2225,725,3064,833,346,2720,225
World,OWID_WRL,2004,4394,2599,622,3188,924,545,2909,233
World,OWID_WRL,2005,5200,2876,795,3708,1040,647,3362,281
World,OWID_WRL,2006,6428,4068,1008,4146,1144,810,4691,379
World,OWID_WRL,2007,9029,5036,1291,5792,1465,1072,6212,513
World,OWID_WRL,2008,13097,7160,1621,7878,2009,1405,7302,561
World,OWID_WRL,2009,19532,9485,2101,10842,2477,1775,8132,818
World,OWID_WRL,2010,24956,11172,2615,12068,2477,1813,8863,699
World,OWID_WRL,2011,27579,11021,2631,13045,2898,1817,9588,775
World,OWID_WRL,2012,27117,10805,2625,12919,2892,1795,9676,800
World,OWID_WRL,2013,24188,9563,2515,10831,2645,1698,9050,761
World,OWID_WRL,2014,24905,8084,2904,10630,2679,1762,9240,728
World,OWID_WRL,2015,26489,8228,3219,10176,2765,1566,9348,712
World,OWID_WRL,2016,30704,8633,3868,11648,2781,1612,9724,1048
World,OWID_WRL,2017,34546,8389,3106,14003,3011,1608,8605,1131
World,OWID_WRL,2018,36871,8224,2088,13912,2816,1445,7373,1058
World,OWID_WRL,2019,31763,9185,1903,12273,3330,1322,6616,1296
World,OWID_WRL,2020,31563,10734,1671,12600,4908,1313,4740,1175
World,OWID_WRL,2021,9284,2583,526,4454,993,474,1455,241